[{
  "logId" : 38325168290,
  "dateOfSleep" : "2022-09-10",
  "startTime" : "2022-09-10T00:41:00.000",
  "endTime" : "2022-09-10T11:55:00.000",
  "duration" : 40440000,
  "minutesToFallAsleep" : 0,
  "minutesAsleep" : 616,
  "minutesAwake" : 58,
  "minutesAfterWakeup" : 0,
  "timeInBed" : 674,
  "efficiency" : 97,
  "type" : "stages",
  "infoCode" : 0,
  "logType" : "auto_detected",
  "levels" : {
    "summary" : {
      "deep" : {
        "count" : 7,
        "minutes" : 124,
        "thirtyDayAvgMinutes" : 76
      },
      "wake" : {
        "count" : 42,
        "minutes" : 58,
        "thirtyDayAvgMinutes" : 48
      },
      "light" : {
        "count" : 35,
        "minutes" : 310,
        "thirtyDayAvgMinutes" : 223
      },
      "rem" : {
        "count" : 18,
        "minutes" : 182,
        "thirtyDayAvgMinutes" : 107
      }
    },
    "data" : [{
      "dateTime" : "2022-09-10T00:41:00.000",
      "level" : "wake",
      "seconds" : 300
    },{
      "dateTime" : "2022-09-10T00:46:00.000",
      "level" : "deep",
      "seconds" : 3540
    },{
      "dateTime" : "2022-09-10T01:45:00.000",
      "level" : "light",
      "seconds" : 180
    },{
      "dateTime" : "2022-09-10T01:48:00.000",
      "level" : "wake",
      "seconds" : 660
    },{
      "dateTime" : "2022-09-10T01:59:00.000",
      "level" : "light",
      "seconds" : 240
    },{
      "dateTime" : "2022-09-10T02:03:00.000",
      "level" : "deep",
      "seconds" : 570
    },{
      "dateTime" : "2022-09-10T02:12:30.000",
      "level" : "light",
      "seconds" : 1230
    },{
      "dateTime" : "2022-09-10T02:33:00.000",
      "level" : "rem",
      "seconds" : 1470
    },{
      "dateTime" : "2022-09-10T02:57:30.000",
      "level" : "light",
      "seconds" : 1500
    },{
      "dateTime" : "2022-09-10T03:22:30.000",
      "level" : "deep",
      "seconds" : 900
    },{
      "dateTime" : "2022-09-10T03:37:30.000",
      "level" : "light",
      "seconds" : 1200
    },{
      "dateTime" : "2022-09-10T03:57:30.000",
      "level" : "deep",
      "seconds" : 420
    },{
      "dateTime" : "2022-09-10T04:04:30.000",
      "level" : "light",
      "seconds" : 330
    },{
      "dateTime" : "2022-09-10T04:10:00.000",
      "level" : "rem",
      "seconds" : 1890
    },{
      "dateTime" : "2022-09-10T04:41:30.000",
      "level" : "light",
      "seconds" : 360
    },{
      "dateTime" : "2022-09-10T04:47:30.000",
      "level" : "rem",
      "seconds" : 390
    },{
      "dateTime" : "2022-09-10T04:54:00.000",
      "level" : "light",
      "seconds" : 1260
    },{
      "dateTime" : "2022-09-10T05:15:00.000",
      "level" : "deep",
      "seconds" : 1140
    },{
      "dateTime" : "2022-09-10T05:34:00.000",
      "level" : "light",
      "seconds" : 1200
    },{
      "dateTime" : "2022-09-10T05:54:00.000",
      "level" : "rem",
      "seconds" : 780
    },{
      "dateTime" : "2022-09-10T06:07:00.000",
      "level" : "light",
      "seconds" : 1830
    },{
      "dateTime" : "2022-09-10T06:37:30.000",
      "level" : "rem",
      "seconds" : 1350
    },{
      "dateTime" : "2022-09-10T07:00:00.000",
      "level" : "light",
      "seconds" : 330
    },{
      "dateTime" : "2022-09-10T07:05:30.000",
      "level" : "rem",
      "seconds" : 1890
    },{
      "dateTime" : "2022-09-10T07:37:00.000",
      "level" : "light",
      "seconds" : 60
    },{
      "dateTime" : "2022-09-10T07:38:00.000",
      "level" : "deep",
      "seconds" : 270
    },{
      "dateTime" : "2022-09-10T07:42:30.000",
      "level" : "light",
      "seconds" : 1710
    },{
      "dateTime" : "2022-09-10T08:11:00.000",
      "level" : "deep",
      "seconds" : 690
    },{
      "dateTime" : "2022-09-10T08:22:30.000",
      "level" : "light",
      "seconds" : 4080
    },{
      "dateTime" : "2022-09-10T09:30:30.000",
      "level" : "wake",
      "seconds" : 210
    },{
      "dateTime" : "2022-09-10T09:34:00.000",
      "level" : "light",
      "seconds" : 780
    },{
      "dateTime" : "2022-09-10T09:47:00.000",
      "level" : "rem",
      "seconds" : 630
    },{
      "dateTime" : "2022-09-10T09:57:30.000",
      "level" : "wake",
      "seconds" : 480
    },{
      "dateTime" : "2022-09-10T10:05:30.000",
      "level" : "light",
      "seconds" : 1710
    },{
      "dateTime" : "2022-09-10T10:34:00.000",
      "level" : "rem",
      "seconds" : 2190
    },{
      "dateTime" : "2022-09-10T11:10:30.000",
      "level" : "light",
      "seconds" : 1800
    },{
      "dateTime" : "2022-09-10T11:40:30.000",
      "level" : "rem",
      "seconds" : 870
    }],
    "shortData" : [{
      "dateTime" : "2022-09-10T01:44:00.000",
      "level" : "wake",
      "seconds" : 60
    },{
      "dateTime" : "2022-09-10T02:23:00.000",
      "level" : "wake",
      "seconds" : 30
    },{
      "dateTime" : "2022-09-10T02:44:30.000",
      "level" : "wake",
      "seconds" : 30
    },{
      "dateTime" : "2022-09-10T03:00:30.000",
      "level" : "wake",
      "seconds" : 30
    },{
      "dateTime" : "2022-09-10T03:37:30.000",
      "level" : "wake",
      "seconds" : 60
    },{
      "dateTime" : "2022-09-10T04:12:00.000",
      "level" : "wake",
      "seconds" : 30
    },{
      "dateTime" : "2022-09-10T04:23:00.000",
      "level" : "wake",
      "seconds" : 30
    },{
      "dateTime" : "2022-09-10T04:34:30.000",
      "level" : "wake",
      "seconds" : 30
    },{
      "dateTime" : "2022-09-10T04:41:00.000",
      "level" : "wake",
      "seconds" : 30
    },{
      "dateTime" : "2022-09-10T04:43:30.000",
      "level" : "wake",
      "seconds" : 30
    },{
      "dateTime" : "2022-09-10T04:54:00.000",
      "level" : "wake",
      "seconds" : 30
    },{
      "dateTime" : "2022-09-10T05:33:30.000",
      "level" : "wake",
      "seconds" : 30
    },{
      "dateTime" : "2022-09-10T05:43:00.000",
      "level" : "wake",
      "seconds" : 60
    },{
      "dateTime" : "2022-09-10T05:51:30.000",
      "level" : "wake",
      "seconds" : 60
    },{
      "dateTime" : "2022-09-10T06:07:30.000",
      "level" : "wake",
      "seconds" : 120
    },{
      "dateTime" : "2022-09-10T06:20:00.000",
      "level" : "wake",
      "seconds" : 30
    },{
      "dateTime" : "2022-09-10T06:29:00.000",
      "level" : "wake",
      "seconds" : 30
    },{
      "dateTime" : "2022-09-10T06:41:00.000",
      "level" : "wake",
      "seconds" : 30
    },{
      "dateTime" : "2022-09-10T06:59:00.000",
      "level" : "wake",
      "seconds" : 60
    },{
      "dateTime" : "2022-09-10T07:03:00.000",
      "level" : "wake",
      "seconds" : 60
    },{
      "dateTime" : "2022-09-10T07:05:30.000",
      "level" : "wake",
      "seconds" : 60
    },{
      "dateTime" : "2022-09-10T07:42:30.000",
      "level" : "wake",
      "seconds" : 30
    },{
      "dateTime" : "2022-09-10T08:22:30.000",
      "level" : "wake",
      "seconds" : 150
    },{
      "dateTime" : "2022-09-10T08:40:30.000",
      "level" : "wake",
      "seconds" : 60
    },{
      "dateTime" : "2022-09-10T08:44:30.000",
      "level" : "wake",
      "seconds" : 30
    },{
      "dateTime" : "2022-09-10T08:53:00.000",
      "level" : "wake",
      "seconds" : 30
    },{
      "dateTime" : "2022-09-10T09:04:30.000",
      "level" : "wake",
      "seconds" : 30
    },{
      "dateTime" : "2022-09-10T09:17:30.000",
      "level" : "wake",
      "seconds" : 60
    },{
      "dateTime" : "2022-09-10T09:39:00.000",
      "level" : "wake",
      "seconds" : 60
    },{
      "dateTime" : "2022-09-10T09:43:00.000",
      "level" : "wake",
      "seconds" : 90
    },{
      "dateTime" : "2022-09-10T10:32:30.000",
      "level" : "wake",
      "seconds" : 30
    },{
      "dateTime" : "2022-09-10T10:42:30.000",
      "level" : "wake",
      "seconds" : 30
    },{
      "dateTime" : "2022-09-10T10:52:30.000",
      "level" : "wake",
      "seconds" : 30
    },{
      "dateTime" : "2022-09-10T11:02:00.000",
      "level" : "wake",
      "seconds" : 30
    },{
      "dateTime" : "2022-09-10T11:04:00.000",
      "level" : "wake",
      "seconds" : 30
    },{
      "dateTime" : "2022-09-10T11:08:30.000",
      "level" : "wake",
      "seconds" : 120
    },{
      "dateTime" : "2022-09-10T11:13:00.000",
      "level" : "wake",
      "seconds" : 60
    },{
      "dateTime" : "2022-09-10T11:39:30.000",
      "level" : "wake",
      "seconds" : 60
    }]
  },
  "mainSleep" : true
},{
  "logId" : 38311949975,
  "dateOfSleep" : "2022-09-09",
  "startTime" : "2022-09-08T23:43:00.000",
  "endTime" : "2022-09-09T07:35:30.000",
  "duration" : 28320000,
  "minutesToFallAsleep" : 0,
  "minutesAsleep" : 418,
  "minutesAwake" : 54,
  "minutesAfterWakeup" : 6,
  "timeInBed" : 472,
  "efficiency" : 97,
  "type" : "stages",
  "infoCode" : 0,
  "logType" : "auto_detected",
  "levels" : {
    "summary" : {
      "deep" : {
        "count" : 3,
        "minutes" : 69,
        "thirtyDayAvgMinutes" : 78
      },
      "wake" : {
        "count" : 25,
        "minutes" : 54,
        "thirtyDayAvgMinutes" : 46
      },
      "light" : {
        "count" : 22,
        "minutes" : 251,
        "thirtyDayAvgMinutes" : 213
      },
      "rem" : {
        "count" : 8,
        "minutes" : 98,
        "thirtyDayAvgMinutes" : 109
      }
    },
    "data" : [{
      "dateTime" : "2022-09-08T23:43:00.000",
      "level" : "wake",
      "seconds" : 390
    },{
      "dateTime" : "2022-09-08T23:49:30.000",
      "level" : "light",
      "seconds" : 810
    },{
      "dateTime" : "2022-09-09T00:03:00.000",
      "level" : "deep",
      "seconds" : 1260
    },{
      "dateTime" : "2022-09-09T00:24:00.000",
      "level" : "light",
      "seconds" : 1770
    },{
      "dateTime" : "2022-09-09T00:53:30.000",
      "level" : "rem",
      "seconds" : 390
    },{
      "dateTime" : "2022-09-09T01:00:00.000",
      "level" : "light",
      "seconds" : 180
    },{
      "dateTime" : "2022-09-09T01:03:00.000",
      "level" : "wake",
      "seconds" : 330
    },{
      "dateTime" : "2022-09-09T01:08:30.000",
      "level" : "light",
      "seconds" : 1260
    },{
      "dateTime" : "2022-09-09T01:29:30.000",
      "level" : "deep",
      "seconds" : 2490
    },{
      "dateTime" : "2022-09-09T02:11:00.000",
      "level" : "light",
      "seconds" : 60
    },{
      "dateTime" : "2022-09-09T02:12:00.000",
      "level" : "rem",
      "seconds" : 1080
    },{
      "dateTime" : "2022-09-09T02:30:00.000",
      "level" : "light",
      "seconds" : 4140
    },{
      "dateTime" : "2022-09-09T03:39:00.000",
      "level" : "rem",
      "seconds" : 2820
    },{
      "dateTime" : "2022-09-09T04:26:00.000",
      "level" : "light",
      "seconds" : 3660
    },{
      "dateTime" : "2022-09-09T05:27:00.000",
      "level" : "deep",
      "seconds" : 480
    },{
      "dateTime" : "2022-09-09T05:35:00.000",
      "level" : "light",
      "seconds" : 570
    },{
      "dateTime" : "2022-09-09T05:44:30.000",
      "level" : "wake",
      "seconds" : 420
    },{
      "dateTime" : "2022-09-09T05:51:30.000",
      "level" : "light",
      "seconds" : 2820
    },{
      "dateTime" : "2022-09-09T06:38:30.000",
      "level" : "rem",
      "seconds" : 1830
    },{
      "dateTime" : "2022-09-09T07:09:00.000",
      "level" : "light",
      "seconds" : 750
    },{
      "dateTime" : "2022-09-09T07:21:30.000",
      "level" : "wake",
      "seconds" : 840
    }],
    "shortData" : [{
      "dateTime" : "2022-09-09T00:23:00.000",
      "level" : "wake",
      "seconds" : 60
    },{
      "dateTime" : "2022-09-09T00:35:00.000",
      "level" : "wake",
      "seconds" : 120
    },{
      "dateTime" : "2022-09-09T00:50:00.000",
      "level" : "wake",
      "seconds" : 150
    },{
      "dateTime" : "2022-09-09T00:59:30.000",
      "level" : "wake",
      "seconds" : 30
    },{
      "dateTime" : "2022-09-09T01:11:00.000",
      "level" : "wake",
      "seconds" : 30
    },{
      "dateTime" : "2022-09-09T01:18:30.000",
      "level" : "wake",
      "seconds" : 180
    },{
      "dateTime" : "2022-09-09T02:10:30.000",
      "level" : "wake",
      "seconds" : 30
    },{
      "dateTime" : "2022-09-09T02:24:30.000",
      "level" : "wake",
      "seconds" : 30
    },{
      "dateTime" : "2022-09-09T02:37:30.000",
      "level" : "wake",
      "seconds" : 30
    },{
      "dateTime" : "2022-09-09T02:46:30.000",
      "level" : "wake",
      "seconds" : 30
    },{
      "dateTime" : "2022-09-09T03:17:00.000",
      "level" : "wake",
      "seconds" : 30
    },{
      "dateTime" : "2022-09-09T03:42:00.000",
      "level" : "wake",
      "seconds" : 30
    },{
      "dateTime" : "2022-09-09T04:07:00.000",
      "level" : "wake",
      "seconds" : 30
    },{
      "dateTime" : "2022-09-09T04:25:30.000",
      "level" : "wake",
      "seconds" : 30
    },{
      "dateTime" : "2022-09-09T04:37:00.000",
      "level" : "wake",
      "seconds" : 30
    },{
      "dateTime" : "2022-09-09T04:53:30.000",
      "level" : "wake",
      "seconds" : 60
    },{
      "dateTime" : "2022-09-09T05:35:00.000",
      "level" : "wake",
      "seconds" : 60
    },{
      "dateTime" : "2022-09-09T06:00:30.000",
      "level" : "wake",
      "seconds" : 60
    },{
      "dateTime" : "2022-09-09T06:17:30.000",
      "level" : "wake",
      "seconds" : 150
    },{
      "dateTime" : "2022-09-09T06:36:30.000",
      "level" : "wake",
      "seconds" : 30
    },{
      "dateTime" : "2022-09-09T06:50:00.000",
      "level" : "wake",
      "seconds" : 60
    }]
  },
  "mainSleep" : true
},{
  "logId" : 38300530635,
  "dateOfSleep" : "2022-09-08",
  "startTime" : "2022-09-08T00:10:00.000",
  "endTime" : "2022-09-08T08:30:00.000",
  "duration" : 30000000,
  "minutesToFallAsleep" : 0,
  "minutesAsleep" : 450,
  "minutesAwake" : 50,
  "minutesAfterWakeup" : 5,
  "timeInBed" : 500,
  "efficiency" : 96,
  "type" : "stages",
  "infoCode" : 0,
  "logType" : "auto_detected",
  "levels" : {
    "summary" : {
      "deep" : {
        "count" : 3,
        "minutes" : 99,
        "thirtyDayAvgMinutes" : 68
      },
      "wake" : {
        "count" : 27,
        "minutes" : 50,
        "thirtyDayAvgMinutes" : 44
      },
      "light" : {
        "count" : 22,
        "minutes" : 231,
        "thirtyDayAvgMinutes" : 204
      },
      "rem" : {
        "count" : 12,
        "minutes" : 120,
        "thirtyDayAvgMinutes" : 104
      }
    },
    "data" : [{
      "dateTime" : "2022-09-08T00:10:00.000",
      "level" : "wake",
      "seconds" : 360
    },{
      "dateTime" : "2022-09-08T00:16:00.000",
      "level" : "light",
      "seconds" : 1290
    },{
      "dateTime" : "2022-09-08T00:37:30.000",
      "level" : "deep",
      "seconds" : 1650
    },{
      "dateTime" : "2022-09-08T01:05:00.000",
      "level" : "light",
      "seconds" : 810
    },{
      "dateTime" : "2022-09-08T01:18:30.000",
      "level" : "rem",
      "seconds" : 450
    },{
      "dateTime" : "2022-09-08T01:26:00.000",
      "level" : "light",
      "seconds" : 1200
    },{
      "dateTime" : "2022-09-08T01:46:00.000",
      "level" : "wake",
      "seconds" : 360
    },{
      "dateTime" : "2022-09-08T01:52:00.000",
      "level" : "light",
      "seconds" : 330
    },{
      "dateTime" : "2022-09-08T01:57:30.000",
      "level" : "deep",
      "seconds" : 3450
    },{
      "dateTime" : "2022-09-08T02:55:00.000",
      "level" : "light",
      "seconds" : 330
    },{
      "dateTime" : "2022-09-08T03:00:30.000",
      "level" : "rem",
      "seconds" : 450
    },{
      "dateTime" : "2022-09-08T03:08:00.000",
      "level" : "light",
      "seconds" : 2820
    },{
      "dateTime" : "2022-09-08T03:55:00.000",
      "level" : "rem",
      "seconds" : 1380
    },{
      "dateTime" : "2022-09-08T04:18:00.000",
      "level" : "wake",
      "seconds" : 210
    },{
      "dateTime" : "2022-09-08T04:21:30.000",
      "level" : "light",
      "seconds" : 420
    },{
      "dateTime" : "2022-09-08T04:28:30.000",
      "level" : "wake",
      "seconds" : 210
    },{
      "dateTime" : "2022-09-08T04:32:00.000",
      "level" : "light",
      "seconds" : 3120
    },{
      "dateTime" : "2022-09-08T05:24:00.000",
      "level" : "deep",
      "seconds" : 990
    },{
      "dateTime" : "2022-09-08T05:40:30.000",
      "level" : "light",
      "seconds" : 120
    },{
      "dateTime" : "2022-09-08T05:42:30.000",
      "level" : "rem",
      "seconds" : 1770
    },{
      "dateTime" : "2022-09-08T06:12:00.000",
      "level" : "light",
      "seconds" : 450
    },{
      "dateTime" : "2022-09-08T06:19:30.000",
      "level" : "rem",
      "seconds" : 900
    },{
      "dateTime" : "2022-09-08T06:34:30.000",
      "level" : "wake",
      "seconds" : 450
    },{
      "dateTime" : "2022-09-08T06:42:00.000",
      "level" : "rem",
      "seconds" : 2520
    },{
      "dateTime" : "2022-09-08T07:24:00.000",
      "level" : "light",
      "seconds" : 3420
    },{
      "dateTime" : "2022-09-08T08:21:00.000",
      "level" : "wake",
      "seconds" : 540
    }],
    "shortData" : [{
      "dateTime" : "2022-09-08T00:19:00.000",
      "level" : "wake",
      "seconds" : 30
    },{
      "dateTime" : "2022-09-08T00:25:00.000",
      "level" : "wake",
      "seconds" : 30
    },{
      "dateTime" : "2022-09-08T01:04:30.000",
      "level" : "wake",
      "seconds" : 30
    },{
      "dateTime" : "2022-09-08T01:37:00.000",
      "level" : "wake",
      "seconds" : 90
    },{
      "dateTime" : "2022-09-08T02:54:00.000",
      "level" : "wake",
      "seconds" : 60
    },{
      "dateTime" : "2022-09-08T03:07:30.000",
      "level" : "wake",
      "seconds" : 30
    },{
      "dateTime" : "2022-09-08T03:10:30.000",
      "level" : "wake",
      "seconds" : 60
    },{
      "dateTime" : "2022-09-08T03:45:30.000",
      "level" : "wake",
      "seconds" : 30
    },{
      "dateTime" : "2022-09-08T03:51:00.000",
      "level" : "wake",
      "seconds" : 30
    },{
      "dateTime" : "2022-09-08T04:00:00.000",
      "level" : "wake",
      "seconds" : 60
    },{
      "dateTime" : "2022-09-08T04:02:30.000",
      "level" : "wake",
      "seconds" : 30
    },{
      "dateTime" : "2022-09-08T04:14:30.000",
      "level" : "wake",
      "seconds" : 90
    },{
      "dateTime" : "2022-09-08T04:57:00.000",
      "level" : "wake",
      "seconds" : 30
    },{
      "dateTime" : "2022-09-08T05:40:00.000",
      "level" : "wake",
      "seconds" : 30
    },{
      "dateTime" : "2022-09-08T05:55:30.000",
      "level" : "wake",
      "seconds" : 30
    },{
      "dateTime" : "2022-09-08T06:04:30.000",
      "level" : "wake",
      "seconds" : 30
    },{
      "dateTime" : "2022-09-08T06:55:30.000",
      "level" : "wake",
      "seconds" : 30
    },{
      "dateTime" : "2022-09-08T07:29:30.000",
      "level" : "wake",
      "seconds" : 90
    },{
      "dateTime" : "2022-09-08T07:34:30.000",
      "level" : "wake",
      "seconds" : 30
    },{
      "dateTime" : "2022-09-08T07:39:00.000",
      "level" : "wake",
      "seconds" : 30
    },{
      "dateTime" : "2022-09-08T07:52:00.000",
      "level" : "wake",
      "seconds" : 30
    }]
  },
  "mainSleep" : true
},{
  "logId" : 38289538656,
  "dateOfSleep" : "2022-09-07",
  "startTime" : "2022-09-07T00:30:00.000",
  "endTime" : "2022-09-07T07:31:00.000",
  "duration" : 25260000,
  "minutesToFallAsleep" : 0,
  "minutesAsleep" : 385,
  "minutesAwake" : 36,
  "minutesAfterWakeup" : 6,
  "timeInBed" : 421,
  "efficiency" : 96,
  "type" : "stages",
  "infoCode" : 0,
  "logType" : "auto_detected",
  "levels" : {
    "summary" : {
      "deep" : {
        "count" : 3,
        "minutes" : 73,
        "thirtyDayAvgMinutes" : 62
      },
      "wake" : {
        "count" : 24,
        "minutes" : 36,
        "thirtyDayAvgMinutes" : 52
      },
      "light" : {
        "count" : 20,
        "minutes" : 213,
        "thirtyDayAvgMinutes" : 195
      },
      "rem" : {
        "count" : 10,
        "minutes" : 99,
        "thirtyDayAvgMinutes" : 109
      }
    },
    "data" : [{
      "dateTime" : "2022-09-07T00:30:00.000",
      "level" : "wake",
      "seconds" : 300
    },{
      "dateTime" : "2022-09-07T00:35:00.000",
      "level" : "light",
      "seconds" : 1080
    },{
      "dateTime" : "2022-09-07T00:53:00.000",
      "level" : "deep",
      "seconds" : 1050
    },{
      "dateTime" : "2022-09-07T01:10:30.000",
      "level" : "light",
      "seconds" : 1410
    },{
      "dateTime" : "2022-09-07T01:34:00.000",
      "level" : "rem",
      "seconds" : 1290
    },{
      "dateTime" : "2022-09-07T01:55:30.000",
      "level" : "light",
      "seconds" : 1890
    },{
      "dateTime" : "2022-09-07T02:27:00.000",
      "level" : "deep",
      "seconds" : 1800
    },{
      "dateTime" : "2022-09-07T02:57:00.000",
      "level" : "light",
      "seconds" : 3990
    },{
      "dateTime" : "2022-09-07T04:03:30.000",
      "level" : "rem",
      "seconds" : 3180
    },{
      "dateTime" : "2022-09-07T04:56:30.000",
      "level" : "light",
      "seconds" : 1770
    },{
      "dateTime" : "2022-09-07T05:26:00.000",
      "level" : "deep",
      "seconds" : 1590
    },{
      "dateTime" : "2022-09-07T05:52:30.000",
      "level" : "rem",
      "seconds" : 1050
    },{
      "dateTime" : "2022-09-07T06:10:00.000",
      "level" : "light",
      "seconds" : 2610
    },{
      "dateTime" : "2022-09-07T06:53:30.000",
      "level" : "rem",
      "seconds" : 720
    },{
      "dateTime" : "2022-09-07T07:05:30.000",
      "level" : "wake",
      "seconds" : 420
    },{
      "dateTime" : "2022-09-07T07:12:30.000",
      "level" : "light",
      "seconds" : 600
    },{
      "dateTime" : "2022-09-07T07:22:30.000",
      "level" : "wake",
      "seconds" : 510
    }],
    "shortData" : [{
      "dateTime" : "2022-09-07T01:09:00.000",
      "level" : "wake",
      "seconds" : 90
    },{
      "dateTime" : "2022-09-07T01:24:30.000",
      "level" : "wake",
      "seconds" : 30
    },{
      "dateTime" : "2022-09-07T01:54:30.000",
      "level" : "wake",
      "seconds" : 30
    },{
      "dateTime" : "2022-09-07T01:56:30.000",
      "level" : "wake",
      "seconds" : 30
    },{
      "dateTime" : "2022-09-07T02:17:30.000",
      "level" : "wake",
      "seconds" : 30
    },{
      "dateTime" : "2022-09-07T02:57:30.000",
      "level" : "wake",
      "seconds" : 30
    },{
      "dateTime" : "2022-09-07T03:09:30.000",
      "level" : "wake",
      "seconds" : 30
    },{
      "dateTime" : "2022-09-07T03:33:30.000",
      "level" : "wake",
      "seconds" : 60
    },{
      "dateTime" : "2022-09-07T03:44:30.000",
      "level" : "wake",
      "seconds" : 30
    },{
      "dateTime" : "2022-09-07T03:58:30.000",
      "level" : "wake",
      "seconds" : 90
    },{
      "dateTime" : "2022-09-07T04:17:00.000",
      "level" : "wake",
      "seconds" : 30
    },{
      "dateTime" : "2022-09-07T04:21:30.000",
      "level" : "wake",
      "seconds" : 30
    },{
      "dateTime" : "2022-09-07T04:47:30.000",
      "level" : "wake",
      "seconds" : 60
    },{
      "dateTime" : "2022-09-07T04:51:00.000",
      "level" : "wake",
      "seconds" : 60
    },{
      "dateTime" : "2022-09-07T05:03:00.000",
      "level" : "wake",
      "seconds" : 30
    },{
      "dateTime" : "2022-09-07T05:53:00.000",
      "level" : "wake",
      "seconds" : 30
    },{
      "dateTime" : "2022-09-07T06:09:00.000",
      "level" : "wake",
      "seconds" : 60
    },{
      "dateTime" : "2022-09-07T06:26:30.000",
      "level" : "wake",
      "seconds" : 30
    },{
      "dateTime" : "2022-09-07T06:34:00.000",
      "level" : "wake",
      "seconds" : 60
    },{
      "dateTime" : "2022-09-07T06:42:30.000",
      "level" : "wake",
      "seconds" : 60
    },{
      "dateTime" : "2022-09-07T07:18:30.000",
      "level" : "wake",
      "seconds" : 30
    }]
  },
  "mainSleep" : true
},{
  "logId" : 38276194784,
  "dateOfSleep" : "2022-09-06",
  "startTime" : "2022-09-06T00:45:30.000",
  "endTime" : "2022-09-06T07:43:30.000",
  "duration" : 25080000,
  "minutesToFallAsleep" : 0,
  "minutesAsleep" : 366,
  "minutesAwake" : 52,
  "minutesAfterWakeup" : 4,
  "timeInBed" : 418,
  "efficiency" : 93,
  "type" : "stages",
  "infoCode" : 0,
  "logType" : "auto_detected",
  "levels" : {
    "summary" : {
      "deep" : {
        "count" : 2,
        "minutes" : 62,
        "thirtyDayAvgMinutes" : 0
      },
      "wake" : {
        "count" : 17,
        "minutes" : 52,
        "thirtyDayAvgMinutes" : 0
      },
      "light" : {
        "count" : 13,
        "minutes" : 195,
        "thirtyDayAvgMinutes" : 0
      },
      "rem" : {
        "count" : 10,
        "minutes" : 109,
        "thirtyDayAvgMinutes" : 0
      }
    },
    "data" : [{
      "dateTime" : "2022-09-06T00:45:30.000",
      "level" : "wake",
      "seconds" : 630
    },{
      "dateTime" : "2022-09-06T00:56:00.000",
      "level" : "light",
      "seconds" : 1200
    },{
      "dateTime" : "2022-09-06T01:16:00.000",
      "level" : "wake",
      "seconds" : 570
    },{
      "dateTime" : "2022-09-06T01:25:30.000",
      "level" : "light",
      "seconds" : 120
    },{
      "dateTime" : "2022-09-06T01:27:30.000",
      "level" : "deep",
      "seconds" : 1980
    },{
      "dateTime" : "2022-09-06T02:00:30.000",
      "level" : "rem",
      "seconds" : 1230
    },{
      "dateTime" : "2022-09-06T02:21:00.000",
      "level" : "light",
      "seconds" : 2280
    },{
      "dateTime" : "2022-09-06T02:59:00.000",
      "level" : "deep",
      "seconds" : 1740
    },{
      "dateTime" : "2022-09-06T03:28:00.000",
      "level" : "light",
      "seconds" : 60
    },{
      "dateTime" : "2022-09-06T03:29:00.000",
      "level" : "rem",
      "seconds" : 2040
    },{
      "dateTime" : "2022-09-06T04:03:00.000",
      "level" : "light",
      "seconds" : 2100
    },{
      "dateTime" : "2022-09-06T04:38:00.000",
      "level" : "rem",
      "seconds" : 360
    },{
      "dateTime" : "2022-09-06T04:44:00.000",
      "level" : "light",
      "seconds" : 2130
    },{
      "dateTime" : "2022-09-06T05:19:30.000",
      "level" : "rem",
      "seconds" : 2310
    },{
      "dateTime" : "2022-09-06T05:58:00.000",
      "level" : "light",
      "seconds" : 3690
    },{
      "dateTime" : "2022-09-06T06:59:30.000",
      "level" : "rem",
      "seconds" : 750
    },{
      "dateTime" : "2022-09-06T07:12:00.000",
      "level" : "wake",
      "seconds" : 210
    },{
      "dateTime" : "2022-09-06T07:15:30.000",
      "level" : "light",
      "seconds" : 540
    },{
      "dateTime" : "2022-09-06T07:24:30.000",
      "level" : "wake",
      "seconds" : 1140
    }],
    "shortData" : [{
      "dateTime" : "2022-09-06T01:07:00.000",
      "level" : "wake",
      "seconds" : 120
    },{
      "dateTime" : "2022-09-06T02:06:30.000",
      "level" : "wake",
      "seconds" : 30
    },{
      "dateTime" : "2022-09-06T02:33:00.000",
      "level" : "wake",
      "seconds" : 30
    },{
      "dateTime" : "2022-09-06T02:50:30.000",
      "level" : "wake",
      "seconds" : 90
    },{
      "dateTime" : "2022-09-06T04:14:30.000",
      "level" : "wake",
      "seconds" : 30
    },{
      "dateTime" : "2022-09-06T04:44:00.000",
      "level" : "wake",
      "seconds" : 30
    },{
      "dateTime" : "2022-09-06T05:33:00.000",
      "level" : "wake",
      "seconds" : 30
    },{
      "dateTime" : "2022-09-06T05:37:00.000",
      "level" : "wake",
      "seconds" : 30
    },{
      "dateTime" : "2022-09-06T05:43:30.000",
      "level" : "wake",
      "seconds" : 30
    },{
      "dateTime" : "2022-09-06T05:58:00.000",
      "level" : "wake",
      "seconds" : 30
    },{
      "dateTime" : "2022-09-06T06:40:00.000",
      "level" : "wake",
      "seconds" : 60
    },{
      "dateTime" : "2022-09-06T06:58:30.000",
      "level" : "wake",
      "seconds" : 60
    },{
      "dateTime" : "2022-09-06T07:04:00.000",
      "level" : "wake",
      "seconds" : 30
    }]
  },
  "mainSleep" : true
}]