[{
  "logId" : 27693104873,
  "dateOfSleep" : "2020-06-19",
  "startTime" : "2020-06-19T02:39:30.000",
  "endTime" : "2020-06-19T10:48:30.000",
  "duration" : 29340000,
  "minutesToFallAsleep" : 0,
  "minutesAsleep" : 440,
  "minutesAwake" : 49,
  "minutesAfterWakeup" : 9,
  "timeInBed" : 489,
  "efficiency" : 95,
  "type" : "stages",
  "infoCode" : 0,
  "logType" : "auto_detected",
  "levels" : {
    "summary" : {
      "deep" : {
        "count" : 2,
        "minutes" : 58,
        "thirtyDayAvgMinutes" : 54
      },
      "wake" : {
        "count" : 29,
        "minutes" : 49,
        "thirtyDayAvgMinutes" : 62
      },
      "light" : {
        "count" : 25,
        "minutes" : 277,
        "thirtyDayAvgMinutes" : 351
      },
      "rem" : {
        "count" : 11,
        "minutes" : 105,
        "thirtyDayAvgMinutes" : 66
      }
    },
    "data" : [{
      "dateTime" : "2020-06-19T02:39:30.000",
      "level" : "wake",
      "seconds" : 330
    },{
      "dateTime" : "2020-06-19T02:45:00.000",
      "level" : "light",
      "seconds" : 1830
    },{
      "dateTime" : "2020-06-19T03:15:30.000",
      "level" : "deep",
      "seconds" : 1320
    },{
      "dateTime" : "2020-06-19T03:37:30.000",
      "level" : "light",
      "seconds" : 690
    },{
      "dateTime" : "2020-06-19T03:49:00.000",
      "level" : "rem",
      "seconds" : 270
    },{
      "dateTime" : "2020-06-19T03:53:30.000",
      "level" : "light",
      "seconds" : 720
    },{
      "dateTime" : "2020-06-19T04:05:30.000",
      "level" : "deep",
      "seconds" : 2370
    },{
      "dateTime" : "2020-06-19T04:45:00.000",
      "level" : "light",
      "seconds" : 630
    },{
      "dateTime" : "2020-06-19T04:55:30.000",
      "level" : "wake",
      "seconds" : 330
    },{
      "dateTime" : "2020-06-19T05:01:00.000",
      "level" : "light",
      "seconds" : 2100
    },{
      "dateTime" : "2020-06-19T05:36:00.000",
      "level" : "rem",
      "seconds" : 720
    },{
      "dateTime" : "2020-06-19T05:48:00.000",
      "level" : "light",
      "seconds" : 660
    },{
      "dateTime" : "2020-06-19T05:59:00.000",
      "level" : "rem",
      "seconds" : 1140
    },{
      "dateTime" : "2020-06-19T06:18:00.000",
      "level" : "light",
      "seconds" : 6480
    },{
      "dateTime" : "2020-06-19T08:06:00.000",
      "level" : "rem",
      "seconds" : 2040
    },{
      "dateTime" : "2020-06-19T08:40:00.000",
      "level" : "wake",
      "seconds" : 480
    },{
      "dateTime" : "2020-06-19T08:48:00.000",
      "level" : "light",
      "seconds" : 2460
    },{
      "dateTime" : "2020-06-19T09:29:00.000",
      "level" : "rem",
      "seconds" : 870
    },{
      "dateTime" : "2020-06-19T09:43:30.000",
      "level" : "light",
      "seconds" : 330
    },{
      "dateTime" : "2020-06-19T09:49:00.000",
      "level" : "rem",
      "seconds" : 1680
    },{
      "dateTime" : "2020-06-19T10:17:00.000",
      "level" : "light",
      "seconds" : 1380
    },{
      "dateTime" : "2020-06-19T10:40:00.000",
      "level" : "wake",
      "seconds" : 510
    }],
    "shortData" : [{
      "dateTime" : "2020-06-19T03:36:00.000",
      "level" : "wake",
      "seconds" : 90
    },{
      "dateTime" : "2020-06-19T03:53:30.000",
      "level" : "wake",
      "seconds" : 30
    },{
      "dateTime" : "2020-06-19T04:43:00.000",
      "level" : "wake",
      "seconds" : 120
    },{
      "dateTime" : "2020-06-19T04:47:00.000",
      "level" : "wake",
      "seconds" : 60
    },{
      "dateTime" : "2020-06-19T05:19:30.000",
      "level" : "wake",
      "seconds" : 60
    },{
      "dateTime" : "2020-06-19T05:31:30.000",
      "level" : "wake",
      "seconds" : 60
    },{
      "dateTime" : "2020-06-19T05:46:30.000",
      "level" : "wake",
      "seconds" : 90
    },{
      "dateTime" : "2020-06-19T05:51:00.000",
      "level" : "wake",
      "seconds" : 60
    },{
      "dateTime" : "2020-06-19T06:10:00.000",
      "level" : "wake",
      "seconds" : 30
    },{
      "dateTime" : "2020-06-19T06:19:00.000",
      "level" : "wake",
      "seconds" : 60
    },{
      "dateTime" : "2020-06-19T06:24:30.000",
      "level" : "wake",
      "seconds" : 30
    },{
      "dateTime" : "2020-06-19T06:28:00.000",
      "level" : "wake",
      "seconds" : 30
    },{
      "dateTime" : "2020-06-19T06:49:30.000",
      "level" : "wake",
      "seconds" : 30
    },{
      "dateTime" : "2020-06-19T07:10:30.000",
      "level" : "wake",
      "seconds" : 30
    },{
      "dateTime" : "2020-06-19T07:26:30.000",
      "level" : "wake",
      "seconds" : 30
    },{
      "dateTime" : "2020-06-19T07:32:30.000",
      "level" : "wake",
      "seconds" : 30
    },{
      "dateTime" : "2020-06-19T08:02:00.000",
      "level" : "wake",
      "seconds" : 30
    },{
      "dateTime" : "2020-06-19T08:30:00.000",
      "level" : "wake",
      "seconds" : 30
    },{
      "dateTime" : "2020-06-19T08:57:00.000",
      "level" : "wake",
      "seconds" : 30
    },{
      "dateTime" : "2020-06-19T09:39:00.000",
      "level" : "wake",
      "seconds" : 60
    },{
      "dateTime" : "2020-06-19T09:41:30.000",
      "level" : "wake",
      "seconds" : 120
    },{
      "dateTime" : "2020-06-19T10:09:30.000",
      "level" : "wake",
      "seconds" : 60
    },{
      "dateTime" : "2020-06-19T10:15:30.000",
      "level" : "wake",
      "seconds" : 30
    },{
      "dateTime" : "2020-06-19T10:19:00.000",
      "level" : "wake",
      "seconds" : 60
    },{
      "dateTime" : "2020-06-19T10:23:00.000",
      "level" : "wake",
      "seconds" : 30
    }]
  },
  "mainSleep" : true
},{
  "logId" : 27681229467,
  "dateOfSleep" : "2020-06-18",
  "startTime" : "2020-06-18T03:04:00.000",
  "endTime" : "2020-06-18T11:57:00.000",
  "duration" : 31980000,
  "minutesToFallAsleep" : 0,
  "minutesAsleep" : 471,
  "minutesAwake" : 62,
  "minutesAfterWakeup" : 0,
  "timeInBed" : 533,
  "efficiency" : 95,
  "type" : "stages",
  "infoCode" : 0,
  "logType" : "auto_detected",
  "levels" : {
    "summary" : {
      "deep" : {
        "count" : 3,
        "minutes" : 54,
        "thirtyDayAvgMinutes" : 0
      },
      "wake" : {
        "count" : 26,
        "minutes" : 62,
        "thirtyDayAvgMinutes" : 0
      },
      "light" : {
        "count" : 28,
        "minutes" : 351,
        "thirtyDayAvgMinutes" : 0
      },
      "rem" : {
        "count" : 4,
        "minutes" : 66,
        "thirtyDayAvgMinutes" : 0
      }
    },
    "data" : [{
      "dateTime" : "2020-06-18T03:04:00.000",
      "level" : "wake",
      "seconds" : 30
    },{
      "dateTime" : "2020-06-18T03:04:30.000",
      "level" : "light",
      "seconds" : 1200
    },{
      "dateTime" : "2020-06-18T03:24:30.000",
      "level" : "deep",
      "seconds" : 2040
    },{
      "dateTime" : "2020-06-18T03:58:30.000",
      "level" : "light",
      "seconds" : 570
    },{
      "dateTime" : "2020-06-18T04:08:00.000",
      "level" : "rem",
      "seconds" : 1230
    },{
      "dateTime" : "2020-06-18T04:28:30.000",
      "level" : "light",
      "seconds" : 1110
    },{
      "dateTime" : "2020-06-18T04:47:00.000",
      "level" : "deep",
      "seconds" : 840
    },{
      "dateTime" : "2020-06-18T05:01:00.000",
      "level" : "light",
      "seconds" : 2520
    },{
      "dateTime" : "2020-06-18T05:43:00.000",
      "level" : "wake",
      "seconds" : 210
    },{
      "dateTime" : "2020-06-18T05:46:30.000",
      "level" : "light",
      "seconds" : 3690
    },{
      "dateTime" : "2020-06-18T06:48:00.000",
      "level" : "rem",
      "seconds" : 390
    },{
      "dateTime" : "2020-06-18T06:54:30.000",
      "level" : "light",
      "seconds" : 90
    },{
      "dateTime" : "2020-06-18T06:56:00.000",
      "level" : "wake",
      "seconds" : 300
    },{
      "dateTime" : "2020-06-18T07:01:00.000",
      "level" : "light",
      "seconds" : 420
    },{
      "dateTime" : "2020-06-18T07:08:00.000",
      "level" : "wake",
      "seconds" : 750
    },{
      "dateTime" : "2020-06-18T07:20:30.000",
      "level" : "light",
      "seconds" : 3300
    },{
      "dateTime" : "2020-06-18T08:15:30.000",
      "level" : "deep",
      "seconds" : 360
    },{
      "dateTime" : "2020-06-18T08:21:30.000",
      "level" : "light",
      "seconds" : 3480
    },{
      "dateTime" : "2020-06-18T09:19:30.000",
      "level" : "rem",
      "seconds" : 1050
    },{
      "dateTime" : "2020-06-18T09:37:00.000",
      "level" : "wake",
      "seconds" : 420
    },{
      "dateTime" : "2020-06-18T09:44:00.000",
      "level" : "light",
      "seconds" : 2130
    },{
      "dateTime" : "2020-06-18T10:19:30.000",
      "level" : "rem",
      "seconds" : 1380
    },{
      "dateTime" : "2020-06-18T10:42:30.000",
      "level" : "light",
      "seconds" : 3840
    },{
      "dateTime" : "2020-06-18T11:46:30.000",
      "level" : "wake",
      "seconds" : 630
    }],
    "shortData" : [{
      "dateTime" : "2020-06-18T04:02:30.000",
      "level" : "wake",
      "seconds" : 30
    },{
      "dateTime" : "2020-06-18T04:29:00.000",
      "level" : "wake",
      "seconds" : 90
    },{
      "dateTime" : "2020-06-18T05:01:00.000",
      "level" : "wake",
      "seconds" : 30
    },{
      "dateTime" : "2020-06-18T05:25:30.000",
      "level" : "wake",
      "seconds" : 60
    },{
      "dateTime" : "2020-06-18T05:28:00.000",
      "level" : "wake",
      "seconds" : 30
    },{
      "dateTime" : "2020-06-18T05:39:30.000",
      "level" : "wake",
      "seconds" : 60
    },{
      "dateTime" : "2020-06-18T06:09:30.000",
      "level" : "wake",
      "seconds" : 60
    },{
      "dateTime" : "2020-06-18T06:18:30.000",
      "level" : "wake",
      "seconds" : 60
    },{
      "dateTime" : "2020-06-18T06:42:30.000",
      "level" : "wake",
      "seconds" : 150
    },{
      "dateTime" : "2020-06-18T08:21:30.000",
      "level" : "wake",
      "seconds" : 90
    },{
      "dateTime" : "2020-06-18T08:42:30.000",
      "level" : "wake",
      "seconds" : 30
    },{
      "dateTime" : "2020-06-18T08:49:30.000",
      "level" : "wake",
      "seconds" : 30
    },{
      "dateTime" : "2020-06-18T08:54:00.000",
      "level" : "wake",
      "seconds" : 60
    },{
      "dateTime" : "2020-06-18T09:06:30.000",
      "level" : "wake",
      "seconds" : 30
    },{
      "dateTime" : "2020-06-18T09:49:30.000",
      "level" : "wake",
      "seconds" : 60
    },{
      "dateTime" : "2020-06-18T09:57:00.000",
      "level" : "wake",
      "seconds" : 60
    },{
      "dateTime" : "2020-06-18T10:02:00.000",
      "level" : "wake",
      "seconds" : 30
    },{
      "dateTime" : "2020-06-18T10:04:00.000",
      "level" : "wake",
      "seconds" : 60
    },{
      "dateTime" : "2020-06-18T10:41:00.000",
      "level" : "wake",
      "seconds" : 90
    },{
      "dateTime" : "2020-06-18T10:45:00.000",
      "level" : "wake",
      "seconds" : 90
    }]
  },
  "mainSleep" : true
}]