[{
  "logId" : 30015411337,
  "dateOfSleep" : "2020-12-10",
  "startTime" : "2020-12-10T06:09:30.000",
  "endTime" : "2020-12-10T07:21:30.000",
  "duration" : 4320000,
  "minutesToFallAsleep" : 0,
  "minutesAsleep" : 69,
  "minutesAwake" : 3,
  "minutesAfterWakeup" : 0,
  "timeInBed" : 72,
  "efficiency" : 96,
  "type" : "classic",
  "infoCode" : 2,
  "logType" : "auto_detected",
  "levels" : {
    "summary" : {
      "restless" : {
        "count" : 2,
        "minutes" : 3
      },
      "awake" : {
        "count" : 0,
        "minutes" : 0
      },
      "asleep" : {
        "count" : 0,
        "minutes" : 69
      }
    },
    "data" : [{
      "dateTime" : "2020-12-10T06:09:30.000",
      "level" : "restless",
      "seconds" : 60
    },{
      "dateTime" : "2020-12-10T06:10:30.000",
      "level" : "asleep",
      "seconds" : 120
    },{
      "dateTime" : "2020-12-10T06:12:30.000",
      "level" : "restless",
      "seconds" : 120
    },{
      "dateTime" : "2020-12-10T06:14:30.000",
      "level" : "asleep",
      "seconds" : 4020
    }]
  },
  "mainSleep" : false
},{
  "logId" : 30014723204,
  "dateOfSleep" : "2020-12-10",
  "startTime" : "2020-12-09T19:06:30.000",
  "endTime" : "2020-12-10T00:50:00.000",
  "duration" : 20580000,
  "minutesToFallAsleep" : 0,
  "minutesAsleep" : 339,
  "minutesAwake" : 4,
  "minutesAfterWakeup" : 0,
  "timeInBed" : 343,
  "efficiency" : 99,
  "type" : "classic",
  "infoCode" : 1,
  "logType" : "auto_detected",
  "levels" : {
    "summary" : {
      "restless" : {
        "count" : 2,
        "minutes" : 4
      },
      "awake" : {
        "count" : 0,
        "minutes" : 0
      },
      "asleep" : {
        "count" : 0,
        "minutes" : 339
      }
    },
    "data" : [{
      "dateTime" : "2020-12-09T19:06:30.000",
      "level" : "asleep",
      "seconds" : 5160
    },{
      "dateTime" : "2020-12-09T20:32:30.000",
      "level" : "restless",
      "seconds" : 120
    },{
      "dateTime" : "2020-12-09T20:34:30.000",
      "level" : "asleep",
      "seconds" : 120
    },{
      "dateTime" : "2020-12-09T20:36:30.000",
      "level" : "restless",
      "seconds" : 120
    },{
      "dateTime" : "2020-12-09T20:38:30.000",
      "level" : "asleep",
      "seconds" : 15060
    }]
  },
  "mainSleep" : true
},{
  "logId" : 29940983552,
  "dateOfSleep" : "2020-12-04",
  "startTime" : "2020-12-04T17:42:00.000",
  "endTime" : "2020-12-04T18:47:30.000",
  "duration" : 3900000,
  "minutesToFallAsleep" : 0,
  "minutesAsleep" : 57,
  "minutesAwake" : 8,
  "minutesAfterWakeup" : 0,
  "timeInBed" : 65,
  "efficiency" : 88,
  "type" : "classic",
  "infoCode" : 2,
  "logType" : "auto_detected",
  "levels" : {
    "summary" : {
      "restless" : {
        "count" : 0,
        "minutes" : 0
      },
      "awake" : {
        "count" : 3,
        "minutes" : 8
      },
      "asleep" : {
        "count" : 0,
        "minutes" : 57
      }
    },
    "data" : [{
      "dateTime" : "2020-12-04T17:42:00.000",
      "level" : "asleep",
      "seconds" : 120
    },{
      "dateTime" : "2020-12-04T17:44:00.000",
      "level" : "awake",
      "seconds" : 300
    },{
      "dateTime" : "2020-12-04T17:49:00.000",
      "level" : "asleep",
      "seconds" : 2160
    },{
      "dateTime" : "2020-12-04T18:25:00.000",
      "level" : "awake",
      "seconds" : 120
    },{
      "dateTime" : "2020-12-04T18:27:00.000",
      "level" : "asleep",
      "seconds" : 60
    },{
      "dateTime" : "2020-12-04T18:28:00.000",
      "level" : "awake",
      "seconds" : 60
    },{
      "dateTime" : "2020-12-04T18:29:00.000",
      "level" : "asleep",
      "seconds" : 1080
    }]
  },
  "mainSleep" : true
},{
  "logId" : 29852387073,
  "dateOfSleep" : "2020-11-27",
  "startTime" : "2020-11-27T01:10:30.000",
  "endTime" : "2020-11-27T11:04:30.000",
  "duration" : 35640000,
  "minutesToFallAsleep" : 0,
  "minutesAsleep" : 528,
  "minutesAwake" : 66,
  "minutesAfterWakeup" : 5,
  "timeInBed" : 594,
  "efficiency" : 95,
  "type" : "stages",
  "infoCode" : 0,
  "logType" : "auto_detected",
  "levels" : {
    "summary" : {
      "deep" : {
        "count" : 4,
        "minutes" : 79,
        "thirtyDayAvgMinutes" : 59
      },
      "wake" : {
        "count" : 34,
        "minutes" : 66,
        "thirtyDayAvgMinutes" : 61
      },
      "light" : {
        "count" : 35,
        "minutes" : 358,
        "thirtyDayAvgMinutes" : 312
      },
      "rem" : {
        "count" : 10,
        "minutes" : 91,
        "thirtyDayAvgMinutes" : 114
      }
    },
    "data" : [{
      "dateTime" : "2020-11-27T01:10:30.000",
      "level" : "light",
      "seconds" : 30
    },{
      "dateTime" : "2020-11-27T01:11:00.000",
      "level" : "wake",
      "seconds" : 570
    },{
      "dateTime" : "2020-11-27T01:20:30.000",
      "level" : "light",
      "seconds" : 960
    },{
      "dateTime" : "2020-11-27T01:36:30.000",
      "level" : "deep",
      "seconds" : 450
    },{
      "dateTime" : "2020-11-27T01:44:00.000",
      "level" : "light",
      "seconds" : 750
    },{
      "dateTime" : "2020-11-27T01:56:30.000",
      "level" : "deep",
      "seconds" : 990
    },{
      "dateTime" : "2020-11-27T02:13:00.000",
      "level" : "wake",
      "seconds" : 270
    },{
      "dateTime" : "2020-11-27T02:17:30.000",
      "level" : "light",
      "seconds" : 540
    },{
      "dateTime" : "2020-11-27T02:26:30.000",
      "level" : "rem",
      "seconds" : 270
    },{
      "dateTime" : "2020-11-27T02:31:00.000",
      "level" : "light",
      "seconds" : 690
    },{
      "dateTime" : "2020-11-27T02:42:30.000",
      "level" : "deep",
      "seconds" : 2880
    },{
      "dateTime" : "2020-11-27T03:30:30.000",
      "level" : "light",
      "seconds" : 480
    },{
      "dateTime" : "2020-11-27T03:38:30.000",
      "level" : "rem",
      "seconds" : 1290
    },{
      "dateTime" : "2020-11-27T04:00:00.000",
      "level" : "light",
      "seconds" : 5340
    },{
      "dateTime" : "2020-11-27T05:29:00.000",
      "level" : "rem",
      "seconds" : 900
    },{
      "dateTime" : "2020-11-27T05:44:00.000",
      "level" : "light",
      "seconds" : 2760
    },{
      "dateTime" : "2020-11-27T06:30:00.000",
      "level" : "wake",
      "seconds" : 1020
    },{
      "dateTime" : "2020-11-27T06:47:00.000",
      "level" : "light",
      "seconds" : 1590
    },{
      "dateTime" : "2020-11-27T07:13:30.000",
      "level" : "rem",
      "seconds" : 1680
    },{
      "dateTime" : "2020-11-27T07:41:30.000",
      "level" : "light",
      "seconds" : 1470
    },{
      "dateTime" : "2020-11-27T08:06:00.000",
      "level" : "deep",
      "seconds" : 480
    },{
      "dateTime" : "2020-11-27T08:14:00.000",
      "level" : "light",
      "seconds" : 2700
    },{
      "dateTime" : "2020-11-27T08:59:00.000",
      "level" : "rem",
      "seconds" : 990
    },{
      "dateTime" : "2020-11-27T09:15:30.000",
      "level" : "light",
      "seconds" : 2550
    },{
      "dateTime" : "2020-11-27T09:58:00.000",
      "level" : "rem",
      "seconds" : 270
    },{
      "dateTime" : "2020-11-27T10:02:30.000",
      "level" : "light",
      "seconds" : 3090
    },{
      "dateTime" : "2020-11-27T10:54:00.000",
      "level" : "rem",
      "seconds" : 300
    },{
      "dateTime" : "2020-11-27T10:59:00.000",
      "level" : "wake",
      "seconds" : 330
    }],
    "shortData" : [{
      "dateTime" : "2020-11-27T02:31:00.000",
      "level" : "wake",
      "seconds" : 60
    },{
      "dateTime" : "2020-11-27T03:29:30.000",
      "level" : "wake",
      "seconds" : 60
    },{
      "dateTime" : "2020-11-27T03:42:30.000",
      "level" : "wake",
      "seconds" : 30
    },{
      "dateTime" : "2020-11-27T04:09:30.000",
      "level" : "wake",
      "seconds" : 30
    },{
      "dateTime" : "2020-11-27T04:14:30.000",
      "level" : "wake",
      "seconds" : 90
    },{
      "dateTime" : "2020-11-27T04:31:00.000",
      "level" : "wake",
      "seconds" : 30
    },{
      "dateTime" : "2020-11-27T04:44:00.000",
      "level" : "wake",
      "seconds" : 30
    },{
      "dateTime" : "2020-11-27T04:52:00.000",
      "level" : "wake",
      "seconds" : 60
    },{
      "dateTime" : "2020-11-27T05:07:00.000",
      "level" : "wake",
      "seconds" : 150
    },{
      "dateTime" : "2020-11-27T05:17:00.000",
      "level" : "wake",
      "seconds" : 60
    },{
      "dateTime" : "2020-11-27T05:20:30.000",
      "level" : "wake",
      "seconds" : 90
    },{
      "dateTime" : "2020-11-27T05:23:30.000",
      "level" : "wake",
      "seconds" : 90
    },{
      "dateTime" : "2020-11-27T05:35:30.000",
      "level" : "wake",
      "seconds" : 30
    },{
      "dateTime" : "2020-11-27T05:43:00.000",
      "level" : "wake",
      "seconds" : 60
    },{
      "dateTime" : "2020-11-27T05:47:00.000",
      "level" : "wake",
      "seconds" : 60
    },{
      "dateTime" : "2020-11-27T05:50:30.000",
      "level" : "wake",
      "seconds" : 30
    },{
      "dateTime" : "2020-11-27T05:54:30.000",
      "level" : "wake",
      "seconds" : 30
    },{
      "dateTime" : "2020-11-27T06:09:00.000",
      "level" : "wake",
      "seconds" : 90
    },{
      "dateTime" : "2020-11-27T07:02:00.000",
      "level" : "wake",
      "seconds" : 30
    },{
      "dateTime" : "2020-11-27T07:16:30.000",
      "level" : "wake",
      "seconds" : 120
    },{
      "dateTime" : "2020-11-27T07:44:30.000",
      "level" : "wake",
      "seconds" : 60
    },{
      "dateTime" : "2020-11-27T08:14:00.000",
      "level" : "wake",
      "seconds" : 120
    },{
      "dateTime" : "2020-11-27T08:28:00.000",
      "level" : "wake",
      "seconds" : 30
    },{
      "dateTime" : "2020-11-27T08:42:00.000",
      "level" : "wake",
      "seconds" : 60
    },{
      "dateTime" : "2020-11-27T08:55:30.000",
      "level" : "wake",
      "seconds" : 30
    },{
      "dateTime" : "2020-11-27T09:15:30.000",
      "level" : "wake",
      "seconds" : 90
    },{
      "dateTime" : "2020-11-27T09:57:00.000",
      "level" : "wake",
      "seconds" : 30
    },{
      "dateTime" : "2020-11-27T10:15:00.000",
      "level" : "wake",
      "seconds" : 60
    },{
      "dateTime" : "2020-11-27T10:23:30.000",
      "level" : "wake",
      "seconds" : 30
    },{
      "dateTime" : "2020-11-27T10:35:00.000",
      "level" : "wake",
      "seconds" : 30
    }]
  },
  "mainSleep" : true
},{
  "logId" : 29841232165,
  "dateOfSleep" : "2020-11-26",
  "startTime" : "2020-11-26T01:59:30.000",
  "endTime" : "2020-11-26T13:03:30.000",
  "duration" : 39840000,
  "minutesToFallAsleep" : 0,
  "minutesAsleep" : 585,
  "minutesAwake" : 79,
  "minutesAfterWakeup" : 0,
  "timeInBed" : 664,
  "efficiency" : 93,
  "type" : "stages",
  "infoCode" : 0,
  "logType" : "auto_detected",
  "levels" : {
    "summary" : {
      "deep" : {
        "count" : 5,
        "minutes" : 85,
        "thirtyDayAvgMinutes" : 51
      },
      "wake" : {
        "count" : 27,
        "minutes" : 79,
        "thirtyDayAvgMinutes" : 54
      },
      "light" : {
        "count" : 32,
        "minutes" : 380,
        "thirtyDayAvgMinutes" : 290
      },
      "rem" : {
        "count" : 9,
        "minutes" : 120,
        "thirtyDayAvgMinutes" : 111
      }
    },
    "data" : [{
      "dateTime" : "2020-11-26T01:59:30.000",
      "level" : "wake",
      "seconds" : 450
    },{
      "dateTime" : "2020-11-26T02:07:00.000",
      "level" : "light",
      "seconds" : 1410
    },{
      "dateTime" : "2020-11-26T02:30:30.000",
      "level" : "deep",
      "seconds" : 2460
    },{
      "dateTime" : "2020-11-26T03:11:30.000",
      "level" : "light",
      "seconds" : 1380
    },{
      "dateTime" : "2020-11-26T03:34:30.000",
      "level" : "deep",
      "seconds" : 1080
    },{
      "dateTime" : "2020-11-26T03:52:30.000",
      "level" : "light",
      "seconds" : 510
    },{
      "dateTime" : "2020-11-26T04:01:00.000",
      "level" : "rem",
      "seconds" : 1560
    },{
      "dateTime" : "2020-11-26T04:27:00.000",
      "level" : "light",
      "seconds" : 1170
    },{
      "dateTime" : "2020-11-26T04:46:30.000",
      "level" : "deep",
      "seconds" : 330
    },{
      "dateTime" : "2020-11-26T04:52:00.000",
      "level" : "light",
      "seconds" : 2520
    },{
      "dateTime" : "2020-11-26T05:34:00.000",
      "level" : "rem",
      "seconds" : 1110
    },{
      "dateTime" : "2020-11-26T05:52:30.000",
      "level" : "light",
      "seconds" : 3450
    },{
      "dateTime" : "2020-11-26T06:50:00.000",
      "level" : "rem",
      "seconds" : 1200
    },{
      "dateTime" : "2020-11-26T07:10:00.000",
      "level" : "light",
      "seconds" : 1920
    },{
      "dateTime" : "2020-11-26T07:42:00.000",
      "level" : "deep",
      "seconds" : 270
    },{
      "dateTime" : "2020-11-26T07:46:30.000",
      "level" : "light",
      "seconds" : 300
    },{
      "dateTime" : "2020-11-26T07:51:30.000",
      "level" : "wake",
      "seconds" : 570
    },{
      "dateTime" : "2020-11-26T08:01:00.000",
      "level" : "light",
      "seconds" : 3150
    },{
      "dateTime" : "2020-11-26T08:53:30.000",
      "level" : "rem",
      "seconds" : 1320
    },{
      "dateTime" : "2020-11-26T09:15:30.000",
      "level" : "light",
      "seconds" : 3900
    },{
      "dateTime" : "2020-11-26T10:20:30.000",
      "level" : "wake",
      "seconds" : 240
    },{
      "dateTime" : "2020-11-26T10:24:30.000",
      "level" : "light",
      "seconds" : 1080
    },{
      "dateTime" : "2020-11-26T10:42:30.000",
      "level" : "wake",
      "seconds" : 450
    },{
      "dateTime" : "2020-11-26T10:50:00.000",
      "level" : "light",
      "seconds" : 1140
    },{
      "dateTime" : "2020-11-26T11:09:00.000",
      "level" : "rem",
      "seconds" : 990
    },{
      "dateTime" : "2020-11-26T11:25:30.000",
      "level" : "light",
      "seconds" : 2100
    },{
      "dateTime" : "2020-11-26T12:00:30.000",
      "level" : "deep",
      "seconds" : 990
    },{
      "dateTime" : "2020-11-26T12:17:00.000",
      "level" : "wake",
      "seconds" : 1350
    },{
      "dateTime" : "2020-11-26T12:39:30.000",
      "level" : "rem",
      "seconds" : 330
    },{
      "dateTime" : "2020-11-26T12:45:00.000",
      "level" : "wake",
      "seconds" : 360
    },{
      "dateTime" : "2020-11-26T12:51:00.000",
      "level" : "light",
      "seconds" : 30
    },{
      "dateTime" : "2020-11-26T12:51:30.000",
      "level" : "rem",
      "seconds" : 720
    }],
    "shortData" : [{
      "dateTime" : "2020-11-26T02:12:30.000",
      "level" : "wake",
      "seconds" : 30
    },{
      "dateTime" : "2020-11-26T03:11:00.000",
      "level" : "wake",
      "seconds" : 30
    },{
      "dateTime" : "2020-11-26T05:51:00.000",
      "level" : "wake",
      "seconds" : 30
    },{
      "dateTime" : "2020-11-26T06:04:00.000",
      "level" : "wake",
      "seconds" : 60
    },{
      "dateTime" : "2020-11-26T06:09:30.000",
      "level" : "wake",
      "seconds" : 120
    },{
      "dateTime" : "2020-11-26T06:27:00.000",
      "level" : "wake",
      "seconds" : 60
    },{
      "dateTime" : "2020-11-26T06:36:00.000",
      "level" : "wake",
      "seconds" : 60
    },{
      "dateTime" : "2020-11-26T08:14:00.000",
      "level" : "wake",
      "seconds" : 30
    },{
      "dateTime" : "2020-11-26T08:33:30.000",
      "level" : "wake",
      "seconds" : 30
    },{
      "dateTime" : "2020-11-26T08:39:00.000",
      "level" : "wake",
      "seconds" : 90
    },{
      "dateTime" : "2020-11-26T08:46:00.000",
      "level" : "wake",
      "seconds" : 150
    },{
      "dateTime" : "2020-11-26T09:11:00.000",
      "level" : "wake",
      "seconds" : 30
    },{
      "dateTime" : "2020-11-26T09:16:00.000",
      "level" : "wake",
      "seconds" : 90
    },{
      "dateTime" : "2020-11-26T09:46:00.000",
      "level" : "wake",
      "seconds" : 60
    },{
      "dateTime" : "2020-11-26T09:56:30.000",
      "level" : "wake",
      "seconds" : 30
    },{
      "dateTime" : "2020-11-26T10:01:00.000",
      "level" : "wake",
      "seconds" : 60
    },{
      "dateTime" : "2020-11-26T10:05:30.000",
      "level" : "wake",
      "seconds" : 30
    },{
      "dateTime" : "2020-11-26T10:13:30.000",
      "level" : "wake",
      "seconds" : 180
    },{
      "dateTime" : "2020-11-26T10:27:00.000",
      "level" : "wake",
      "seconds" : 30
    },{
      "dateTime" : "2020-11-26T11:34:30.000",
      "level" : "wake",
      "seconds" : 90
    },{
      "dateTime" : "2020-11-26T11:45:00.000",
      "level" : "wake",
      "seconds" : 30
    }]
  },
  "mainSleep" : true
},{
  "logId" : 29829725347,
  "dateOfSleep" : "2020-11-25",
  "startTime" : "2020-11-25T01:24:00.000",
  "endTime" : "2020-11-25T11:56:00.000",
  "duration" : 37920000,
  "minutesToFallAsleep" : 0,
  "minutesAsleep" : 574,
  "minutesAwake" : 58,
  "minutesAfterWakeup" : 3,
  "timeInBed" : 632,
  "efficiency" : 98,
  "type" : "stages",
  "infoCode" : 0,
  "logType" : "auto_detected",
  "levels" : {
    "summary" : {
      "deep" : {
        "count" : 4,
        "minutes" : 70,
        "thirtyDayAvgMinutes" : 41
      },
      "wake" : {
        "count" : 30,
        "minutes" : 58,
        "thirtyDayAvgMinutes" : 53
      },
      "light" : {
        "count" : 37,
        "minutes" : 371,
        "thirtyDayAvgMinutes" : 249
      },
      "rem" : {
        "count" : 10,
        "minutes" : 133,
        "thirtyDayAvgMinutes" : 101
      }
    },
    "data" : [{
      "dateTime" : "2020-11-25T01:24:00.000",
      "level" : "wake",
      "seconds" : 300
    },{
      "dateTime" : "2020-11-25T01:29:00.000",
      "level" : "light",
      "seconds" : 900
    },{
      "dateTime" : "2020-11-25T01:44:00.000",
      "level" : "deep",
      "seconds" : 2790
    },{
      "dateTime" : "2020-11-25T02:30:30.000",
      "level" : "light",
      "seconds" : 570
    },{
      "dateTime" : "2020-11-25T02:40:00.000",
      "level" : "rem",
      "seconds" : 900
    },{
      "dateTime" : "2020-11-25T02:55:00.000",
      "level" : "light",
      "seconds" : 3780
    },{
      "dateTime" : "2020-11-25T03:58:00.000",
      "level" : "rem",
      "seconds" : 2880
    },{
      "dateTime" : "2020-11-25T04:46:00.000",
      "level" : "light",
      "seconds" : 2670
    },{
      "dateTime" : "2020-11-25T05:30:30.000",
      "level" : "deep",
      "seconds" : 390
    },{
      "dateTime" : "2020-11-25T05:37:00.000",
      "level" : "light",
      "seconds" : 360
    },{
      "dateTime" : "2020-11-25T05:43:00.000",
      "level" : "rem",
      "seconds" : 2070
    },{
      "dateTime" : "2020-11-25T06:17:30.000",
      "level" : "light",
      "seconds" : 2970
    },{
      "dateTime" : "2020-11-25T07:07:00.000",
      "level" : "deep",
      "seconds" : 300
    },{
      "dateTime" : "2020-11-25T07:12:00.000",
      "level" : "light",
      "seconds" : 900
    },{
      "dateTime" : "2020-11-25T07:27:00.000",
      "level" : "rem",
      "seconds" : 270
    },{
      "dateTime" : "2020-11-25T07:31:30.000",
      "level" : "light",
      "seconds" : 2490
    },{
      "dateTime" : "2020-11-25T08:13:00.000",
      "level" : "rem",
      "seconds" : 690
    },{
      "dateTime" : "2020-11-25T08:24:30.000",
      "level" : "light",
      "seconds" : 120
    },{
      "dateTime" : "2020-11-25T08:26:30.000",
      "level" : "deep",
      "seconds" : 750
    },{
      "dateTime" : "2020-11-25T08:39:00.000",
      "level" : "light",
      "seconds" : 360
    },{
      "dateTime" : "2020-11-25T08:45:00.000",
      "level" : "rem",
      "seconds" : 660
    },{
      "dateTime" : "2020-11-25T08:56:00.000",
      "level" : "light",
      "seconds" : 2220
    },{
      "dateTime" : "2020-11-25T09:33:00.000",
      "level" : "wake",
      "seconds" : 480
    },{
      "dateTime" : "2020-11-25T09:41:00.000",
      "level" : "light",
      "seconds" : 1410
    },{
      "dateTime" : "2020-11-25T10:04:30.000",
      "level" : "rem",
      "seconds" : 300
    },{
      "dateTime" : "2020-11-25T10:09:30.000",
      "level" : "light",
      "seconds" : 1290
    },{
      "dateTime" : "2020-11-25T10:31:00.000",
      "level" : "rem",
      "seconds" : 390
    },{
      "dateTime" : "2020-11-25T10:37:30.000",
      "level" : "light",
      "seconds" : 2970
    },{
      "dateTime" : "2020-11-25T11:27:00.000",
      "level" : "wake",
      "seconds" : 750
    },{
      "dateTime" : "2020-11-25T11:39:30.000",
      "level" : "light",
      "seconds" : 780
    },{
      "dateTime" : "2020-11-25T11:52:30.000",
      "level" : "wake",
      "seconds" : 210
    }],
    "shortData" : [{
      "dateTime" : "2020-11-25T01:31:00.000",
      "level" : "wake",
      "seconds" : 60
    },{
      "dateTime" : "2020-11-25T02:34:00.000",
      "level" : "wake",
      "seconds" : 60
    },{
      "dateTime" : "2020-11-25T02:37:00.000",
      "level" : "wake",
      "seconds" : 150
    },{
      "dateTime" : "2020-11-25T02:54:00.000",
      "level" : "wake",
      "seconds" : 60
    },{
      "dateTime" : "2020-11-25T02:58:00.000",
      "level" : "wake",
      "seconds" : 30
    },{
      "dateTime" : "2020-11-25T03:31:30.000",
      "level" : "wake",
      "seconds" : 30
    },{
      "dateTime" : "2020-11-25T04:15:30.000",
      "level" : "wake",
      "seconds" : 30
    },{
      "dateTime" : "2020-11-25T05:09:30.000",
      "level" : "wake",
      "seconds" : 60
    },{
      "dateTime" : "2020-11-25T05:41:30.000",
      "level" : "wake",
      "seconds" : 30
    },{
      "dateTime" : "2020-11-25T06:09:30.000",
      "level" : "wake",
      "seconds" : 90
    },{
      "dateTime" : "2020-11-25T06:18:30.000",
      "level" : "wake",
      "seconds" : 30
    },{
      "dateTime" : "2020-11-25T06:27:00.000",
      "level" : "wake",
      "seconds" : 60
    },{
      "dateTime" : "2020-11-25T06:31:30.000",
      "level" : "wake",
      "seconds" : 30
    },{
      "dateTime" : "2020-11-25T07:17:00.000",
      "level" : "wake",
      "seconds" : 180
    },{
      "dateTime" : "2020-11-25T07:21:30.000",
      "level" : "wake",
      "seconds" : 30
    },{
      "dateTime" : "2020-11-25T07:37:30.000",
      "level" : "wake",
      "seconds" : 60
    },{
      "dateTime" : "2020-11-25T07:46:30.000",
      "level" : "wake",
      "seconds" : 120
    },{
      "dateTime" : "2020-11-25T08:00:30.000",
      "level" : "wake",
      "seconds" : 150
    },{
      "dateTime" : "2020-11-25T08:38:30.000",
      "level" : "wake",
      "seconds" : 30
    },{
      "dateTime" : "2020-11-25T09:12:30.000",
      "level" : "wake",
      "seconds" : 90
    },{
      "dateTime" : "2020-11-25T09:24:00.000",
      "level" : "wake",
      "seconds" : 60
    },{
      "dateTime" : "2020-11-25T09:56:00.000",
      "level" : "wake",
      "seconds" : 60
    },{
      "dateTime" : "2020-11-25T10:16:30.000",
      "level" : "wake",
      "seconds" : 60
    },{
      "dateTime" : "2020-11-25T10:41:30.000",
      "level" : "wake",
      "seconds" : 90
    },{
      "dateTime" : "2020-11-25T11:07:00.000",
      "level" : "wake",
      "seconds" : 30
    },{
      "dateTime" : "2020-11-25T11:21:00.000",
      "level" : "wake",
      "seconds" : 60
    }]
  },
  "mainSleep" : true
},{
  "logId" : 29814195005,
  "dateOfSleep" : "2020-11-24",
  "startTime" : "2020-11-24T00:40:00.000",
  "endTime" : "2020-11-24T09:24:30.000",
  "duration" : 31440000,
  "minutesToFallAsleep" : 0,
  "minutesAsleep" : 447,
  "minutesAwake" : 77,
  "minutesAfterWakeup" : 0,
  "timeInBed" : 524,
  "efficiency" : 92,
  "type" : "stages",
  "infoCode" : 0,
  "logType" : "auto_detected",
  "levels" : {
    "summary" : {
      "deep" : {
        "count" : 3,
        "minutes" : 42,
        "thirtyDayAvgMinutes" : 40
      },
      "wake" : {
        "count" : 26,
        "minutes" : 77,
        "thirtyDayAvgMinutes" : 28
      },
      "light" : {
        "count" : 26,
        "minutes" : 278,
        "thirtyDayAvgMinutes" : 220
      },
      "rem" : {
        "count" : 9,
        "minutes" : 127,
        "thirtyDayAvgMinutes" : 74
      }
    },
    "data" : [{
      "dateTime" : "2020-11-24T00:40:00.000",
      "level" : "wake",
      "seconds" : 360
    },{
      "dateTime" : "2020-11-24T00:46:00.000",
      "level" : "light",
      "seconds" : 3690
    },{
      "dateTime" : "2020-11-24T01:47:30.000",
      "level" : "rem",
      "seconds" : 360
    },{
      "dateTime" : "2020-11-24T01:53:30.000",
      "level" : "light",
      "seconds" : 1440
    },{
      "dateTime" : "2020-11-24T02:17:30.000",
      "level" : "deep",
      "seconds" : 270
    },{
      "dateTime" : "2020-11-24T02:22:00.000",
      "level" : "light",
      "seconds" : 2580
    },{
      "dateTime" : "2020-11-24T03:05:00.000",
      "level" : "rem",
      "seconds" : 300
    },{
      "dateTime" : "2020-11-24T03:10:00.000",
      "level" : "wake",
      "seconds" : 300
    },{
      "dateTime" : "2020-11-24T03:15:00.000",
      "level" : "light",
      "seconds" : 270
    },{
      "dateTime" : "2020-11-24T03:19:30.000",
      "level" : "deep",
      "seconds" : 1500
    },{
      "dateTime" : "2020-11-24T03:44:30.000",
      "level" : "light",
      "seconds" : 390
    },{
      "dateTime" : "2020-11-24T03:51:00.000",
      "level" : "deep",
      "seconds" : 750
    },{
      "dateTime" : "2020-11-24T04:03:30.000",
      "level" : "rem",
      "seconds" : 1920
    },{
      "dateTime" : "2020-11-24T04:35:30.000",
      "level" : "light",
      "seconds" : 2700
    },{
      "dateTime" : "2020-11-24T05:20:30.000",
      "level" : "rem",
      "seconds" : 1800
    },{
      "dateTime" : "2020-11-24T05:50:30.000",
      "level" : "light",
      "seconds" : 3990
    },{
      "dateTime" : "2020-11-24T06:57:00.000",
      "level" : "rem",
      "seconds" : 2880
    },{
      "dateTime" : "2020-11-24T07:45:00.000",
      "level" : "light",
      "seconds" : 630
    },{
      "dateTime" : "2020-11-24T07:55:30.000",
      "level" : "wake",
      "seconds" : 240
    },{
      "dateTime" : "2020-11-24T07:59:30.000",
      "level" : "light",
      "seconds" : 900
    },{
      "dateTime" : "2020-11-24T08:14:30.000",
      "level" : "wake",
      "seconds" : 960
    },{
      "dateTime" : "2020-11-24T08:30:30.000",
      "level" : "light",
      "seconds" : 780
    },{
      "dateTime" : "2020-11-24T08:43:30.000",
      "level" : "wake",
      "seconds" : 1140
    },{
      "dateTime" : "2020-11-24T09:02:30.000",
      "level" : "light",
      "seconds" : 120
    },{
      "dateTime" : "2020-11-24T09:04:30.000",
      "level" : "rem",
      "seconds" : 630
    },{
      "dateTime" : "2020-11-24T09:15:00.000",
      "level" : "wake",
      "seconds" : 450
    },{
      "dateTime" : "2020-11-24T09:22:30.000",
      "level" : "light",
      "seconds" : 120
    }],
    "shortData" : [{
      "dateTime" : "2020-11-24T01:10:00.000",
      "level" : "wake",
      "seconds" : 30
    },{
      "dateTime" : "2020-11-24T01:18:30.000",
      "level" : "wake",
      "seconds" : 30
    },{
      "dateTime" : "2020-11-24T01:40:00.000",
      "level" : "wake",
      "seconds" : 30
    },{
      "dateTime" : "2020-11-24T01:53:30.000",
      "level" : "wake",
      "seconds" : 90
    },{
      "dateTime" : "2020-11-24T02:22:00.000",
      "level" : "wake",
      "seconds" : 180
    },{
      "dateTime" : "2020-11-24T02:35:00.000",
      "level" : "wake",
      "seconds" : 30
    },{
      "dateTime" : "2020-11-24T02:50:00.000",
      "level" : "wake",
      "seconds" : 150
    },{
      "dateTime" : "2020-11-24T02:56:00.000",
      "level" : "wake",
      "seconds" : 30
    },{
      "dateTime" : "2020-11-24T04:33:30.000",
      "level" : "wake",
      "seconds" : 120
    },{
      "dateTime" : "2020-11-24T04:41:30.000",
      "level" : "wake",
      "seconds" : 30
    },{
      "dateTime" : "2020-11-24T05:08:30.000",
      "level" : "wake",
      "seconds" : 30
    },{
      "dateTime" : "2020-11-24T05:34:00.000",
      "level" : "wake",
      "seconds" : 30
    },{
      "dateTime" : "2020-11-24T05:46:30.000",
      "level" : "wake",
      "seconds" : 60
    },{
      "dateTime" : "2020-11-24T05:57:00.000",
      "level" : "wake",
      "seconds" : 90
    },{
      "dateTime" : "2020-11-24T06:10:00.000",
      "level" : "wake",
      "seconds" : 30
    },{
      "dateTime" : "2020-11-24T06:28:00.000",
      "level" : "wake",
      "seconds" : 30
    },{
      "dateTime" : "2020-11-24T06:41:00.000",
      "level" : "wake",
      "seconds" : 30
    },{
      "dateTime" : "2020-11-24T06:45:00.000",
      "level" : "wake",
      "seconds" : 30
    },{
      "dateTime" : "2020-11-24T07:25:30.000",
      "level" : "wake",
      "seconds" : 30
    },{
      "dateTime" : "2020-11-24T08:35:00.000",
      "level" : "wake",
      "seconds" : 120
    }]
  },
  "mainSleep" : true
},{
  "logId" : 29741906793,
  "dateOfSleep" : "2020-11-18",
  "startTime" : "2020-11-18T09:19:30.000",
  "endTime" : "2020-11-18T10:32:00.000",
  "duration" : 4320000,
  "minutesToFallAsleep" : 0,
  "minutesAsleep" : 64,
  "minutesAwake" : 8,
  "minutesAfterWakeup" : 0,
  "timeInBed" : 72,
  "efficiency" : 89,
  "type" : "classic",
  "infoCode" : 2,
  "logType" : "auto_detected",
  "levels" : {
    "summary" : {
      "restless" : {
        "count" : 6,
        "minutes" : 8
      },
      "awake" : {
        "count" : 0,
        "minutes" : 0
      },
      "asleep" : {
        "count" : 0,
        "minutes" : 64
      }
    },
    "data" : [{
      "dateTime" : "2020-11-18T09:19:30.000",
      "level" : "asleep",
      "seconds" : 180
    },{
      "dateTime" : "2020-11-18T09:22:30.000",
      "level" : "restless",
      "seconds" : 60
    },{
      "dateTime" : "2020-11-18T09:23:30.000",
      "level" : "asleep",
      "seconds" : 120
    },{
      "dateTime" : "2020-11-18T09:25:30.000",
      "level" : "restless",
      "seconds" : 60
    },{
      "dateTime" : "2020-11-18T09:26:30.000",
      "level" : "asleep",
      "seconds" : 60
    },{
      "dateTime" : "2020-11-18T09:27:30.000",
      "level" : "restless",
      "seconds" : 60
    },{
      "dateTime" : "2020-11-18T09:28:30.000",
      "level" : "asleep",
      "seconds" : 1020
    },{
      "dateTime" : "2020-11-18T09:45:30.000",
      "level" : "restless",
      "seconds" : 60
    },{
      "dateTime" : "2020-11-18T09:46:30.000",
      "level" : "asleep",
      "seconds" : 420
    },{
      "dateTime" : "2020-11-18T09:53:30.000",
      "level" : "restless",
      "seconds" : 180
    },{
      "dateTime" : "2020-11-18T09:56:30.000",
      "level" : "asleep",
      "seconds" : 60
    },{
      "dateTime" : "2020-11-18T09:57:30.000",
      "level" : "restless",
      "seconds" : 60
    },{
      "dateTime" : "2020-11-18T09:58:30.000",
      "level" : "asleep",
      "seconds" : 1980
    }]
  },
  "mainSleep" : false
},{
  "logId" : 29741906792,
  "dateOfSleep" : "2020-11-18",
  "startTime" : "2020-11-18T01:17:30.000",
  "endTime" : "2020-11-18T07:20:00.000",
  "duration" : 21720000,
  "minutesToFallAsleep" : 0,
  "minutesAsleep" : 334,
  "minutesAwake" : 28,
  "minutesAfterWakeup" : 0,
  "timeInBed" : 362,
  "efficiency" : 98,
  "type" : "stages",
  "infoCode" : 0,
  "logType" : "auto_detected",
  "levels" : {
    "summary" : {
      "deep" : {
        "count" : 3,
        "minutes" : 40,
        "thirtyDayAvgMinutes" : 0
      },
      "wake" : {
        "count" : 16,
        "minutes" : 28,
        "thirtyDayAvgMinutes" : 0
      },
      "light" : {
        "count" : 16,
        "minutes" : 220,
        "thirtyDayAvgMinutes" : 0
      },
      "rem" : {
        "count" : 6,
        "minutes" : 74,
        "thirtyDayAvgMinutes" : 0
      }
    },
    "data" : [{
      "dateTime" : "2020-11-18T01:17:30.000",
      "level" : "wake",
      "seconds" : 30
    },{
      "dateTime" : "2020-11-18T01:18:00.000",
      "level" : "light",
      "seconds" : 2400
    },{
      "dateTime" : "2020-11-18T01:58:00.000",
      "level" : "deep",
      "seconds" : 1770
    },{
      "dateTime" : "2020-11-18T02:27:30.000",
      "level" : "rem",
      "seconds" : 780
    },{
      "dateTime" : "2020-11-18T02:40:30.000",
      "level" : "light",
      "seconds" : 2670
    },{
      "dateTime" : "2020-11-18T03:25:00.000",
      "level" : "rem",
      "seconds" : 2490
    },{
      "dateTime" : "2020-11-18T04:06:30.000",
      "level" : "light",
      "seconds" : 2580
    },{
      "dateTime" : "2020-11-18T04:49:30.000",
      "level" : "deep",
      "seconds" : 300
    },{
      "dateTime" : "2020-11-18T04:54:30.000",
      "level" : "light",
      "seconds" : 1020
    },{
      "dateTime" : "2020-11-18T05:11:30.000",
      "level" : "deep",
      "seconds" : 330
    },{
      "dateTime" : "2020-11-18T05:17:00.000",
      "level" : "light",
      "seconds" : 2910
    },{
      "dateTime" : "2020-11-18T06:05:30.000",
      "level" : "wake",
      "seconds" : 510
    },{
      "dateTime" : "2020-11-18T06:14:00.000",
      "level" : "light",
      "seconds" : 1800
    },{
      "dateTime" : "2020-11-18T06:44:00.000",
      "level" : "wake",
      "seconds" : 300
    },{
      "dateTime" : "2020-11-18T06:49:00.000",
      "level" : "light",
      "seconds" : 480
    },{
      "dateTime" : "2020-11-18T06:57:00.000",
      "level" : "rem",
      "seconds" : 1380
    }],
    "shortData" : [{
      "dateTime" : "2020-11-18T01:17:30.000",
      "level" : "wake",
      "seconds" : 150
    },{
      "dateTime" : "2020-11-18T01:38:30.000",
      "level" : "wake",
      "seconds" : 30
    },{
      "dateTime" : "2020-11-18T01:46:00.000",
      "level" : "wake",
      "seconds" : 30
    },{
      "dateTime" : "2020-11-18T01:50:00.000",
      "level" : "wake",
      "seconds" : 90
    },{
      "dateTime" : "2020-11-18T02:51:00.000",
      "level" : "wake",
      "seconds" : 30
    },{
      "dateTime" : "2020-11-18T02:55:00.000",
      "level" : "wake",
      "seconds" : 30
    },{
      "dateTime" : "2020-11-18T03:13:00.000",
      "level" : "wake",
      "seconds" : 120
    },{
      "dateTime" : "2020-11-18T03:29:30.000",
      "level" : "wake",
      "seconds" : 30
    },{
      "dateTime" : "2020-11-18T03:43:30.000",
      "level" : "wake",
      "seconds" : 30
    },{
      "dateTime" : "2020-11-18T03:56:30.000",
      "level" : "wake",
      "seconds" : 30
    },{
      "dateTime" : "2020-11-18T04:30:30.000",
      "level" : "wake",
      "seconds" : 30
    },{
      "dateTime" : "2020-11-18T06:25:30.000",
      "level" : "wake",
      "seconds" : 180
    },{
      "dateTime" : "2020-11-18T06:41:00.000",
      "level" : "wake",
      "seconds" : 30
    },{
      "dateTime" : "2020-11-18T07:18:30.000",
      "level" : "wake",
      "seconds" : 90
    }]
  },
  "mainSleep" : true
}]