[{
  "logId" : 29741906791,
  "dateOfSleep" : "2020-11-14",
  "startTime" : "2020-11-14T01:39:30.000",
  "endTime" : "2020-11-14T06:57:30.000",
  "duration" : 19080000,
  "minutesToFallAsleep" : 0,
  "minutesAsleep" : 289,
  "minutesAwake" : 29,
  "minutesAfterWakeup" : 0,
  "timeInBed" : 318,
  "efficiency" : 98,
  "type" : "stages",
  "infoCode" : 0,
  "logType" : "auto_detected",
  "levels" : {
    "summary" : {
      "deep" : {
        "count" : 1,
        "minutes" : 35,
        "thirtyDayAvgMinutes" : 63
      },
      "wake" : {
        "count" : 12,
        "minutes" : 29,
        "thirtyDayAvgMinutes" : 41
      },
      "light" : {
        "count" : 9,
        "minutes" : 176,
        "thirtyDayAvgMinutes" : 217
      },
      "rem" : {
        "count" : 6,
        "minutes" : 78,
        "thirtyDayAvgMinutes" : 91
      }
    },
    "data" : [{
      "dateTime" : "2020-11-14T01:39:30.000",
      "level" : "wake",
      "seconds" : 330
    },{
      "dateTime" : "2020-11-14T01:45:00.000",
      "level" : "light",
      "seconds" : 1470
    },{
      "dateTime" : "2020-11-14T02:09:30.000",
      "level" : "deep",
      "seconds" : 2100
    },{
      "dateTime" : "2020-11-14T02:44:30.000",
      "level" : "wake",
      "seconds" : 480
    },{
      "dateTime" : "2020-11-14T02:52:30.000",
      "level" : "light",
      "seconds" : 3840
    },{
      "dateTime" : "2020-11-14T03:56:30.000",
      "level" : "rem",
      "seconds" : 3060
    },{
      "dateTime" : "2020-11-14T04:47:30.000",
      "level" : "light",
      "seconds" : 3660
    },{
      "dateTime" : "2020-11-14T05:48:30.000",
      "level" : "rem",
      "seconds" : 1800
    },{
      "dateTime" : "2020-11-14T06:18:30.000",
      "level" : "light",
      "seconds" : 960
    },{
      "dateTime" : "2020-11-14T06:34:30.000",
      "level" : "wake",
      "seconds" : 210
    },{
      "dateTime" : "2020-11-14T06:38:00.000",
      "level" : "light",
      "seconds" : 360
    },{
      "dateTime" : "2020-11-14T06:44:00.000",
      "level" : "wake",
      "seconds" : 330
    },{
      "dateTime" : "2020-11-14T06:49:30.000",
      "level" : "light",
      "seconds" : 480
    }],
    "shortData" : [{
      "dateTime" : "2020-11-14T01:47:30.000",
      "level" : "wake",
      "seconds" : 120
    },{
      "dateTime" : "2020-11-14T03:01:30.000",
      "level" : "wake",
      "seconds" : 30
    },{
      "dateTime" : "2020-11-14T03:59:30.000",
      "level" : "wake",
      "seconds" : 30
    },{
      "dateTime" : "2020-11-14T04:02:00.000",
      "level" : "wake",
      "seconds" : 30
    },{
      "dateTime" : "2020-11-14T04:24:00.000",
      "level" : "wake",
      "seconds" : 30
    },{
      "dateTime" : "2020-11-14T04:35:30.000",
      "level" : "wake",
      "seconds" : 30
    },{
      "dateTime" : "2020-11-14T04:46:00.000",
      "level" : "wake",
      "seconds" : 90
    },{
      "dateTime" : "2020-11-14T05:09:30.000",
      "level" : "wake",
      "seconds" : 30
    }]
  },
  "mainSleep" : true
},{
  "logId" : 29671664053,
  "dateOfSleep" : "2020-11-13",
  "startTime" : "2020-11-13T01:30:30.000",
  "endTime" : "2020-11-13T10:08:30.000",
  "duration" : 31080000,
  "minutesToFallAsleep" : 0,
  "minutesAsleep" : 462,
  "minutesAwake" : 56,
  "minutesAfterWakeup" : 0,
  "timeInBed" : 518,
  "efficiency" : 97,
  "type" : "stages",
  "infoCode" : 0,
  "logType" : "auto_detected",
  "levels" : {
    "summary" : {
      "deep" : {
        "count" : 3,
        "minutes" : 79,
        "thirtyDayAvgMinutes" : 57
      },
      "wake" : {
        "count" : 26,
        "minutes" : 56,
        "thirtyDayAvgMinutes" : 36
      },
      "light" : {
        "count" : 29,
        "minutes" : 258,
        "thirtyDayAvgMinutes" : 203
      },
      "rem" : {
        "count" : 9,
        "minutes" : 125,
        "thirtyDayAvgMinutes" : 79
      }
    },
    "data" : [{
      "dateTime" : "2020-11-13T01:30:30.000",
      "level" : "wake",
      "seconds" : 60
    },{
      "dateTime" : "2020-11-13T01:31:30.000",
      "level" : "light",
      "seconds" : 3780
    },{
      "dateTime" : "2020-11-13T02:34:30.000",
      "level" : "rem",
      "seconds" : 720
    },{
      "dateTime" : "2020-11-13T02:46:30.000",
      "level" : "light",
      "seconds" : 270
    },{
      "dateTime" : "2020-11-13T02:51:00.000",
      "level" : "rem",
      "seconds" : 450
    },{
      "dateTime" : "2020-11-13T02:58:30.000",
      "level" : "light",
      "seconds" : 2250
    },{
      "dateTime" : "2020-11-13T03:36:00.000",
      "level" : "deep",
      "seconds" : 1260
    },{
      "dateTime" : "2020-11-13T03:57:00.000",
      "level" : "light",
      "seconds" : 450
    },{
      "dateTime" : "2020-11-13T04:04:30.000",
      "level" : "rem",
      "seconds" : 1800
    },{
      "dateTime" : "2020-11-13T04:34:30.000",
      "level" : "light",
      "seconds" : 360
    },{
      "dateTime" : "2020-11-13T04:40:30.000",
      "level" : "deep",
      "seconds" : 450
    },{
      "dateTime" : "2020-11-13T04:48:00.000",
      "level" : "light",
      "seconds" : 90
    },{
      "dateTime" : "2020-11-13T04:49:30.000",
      "level" : "rem",
      "seconds" : 270
    },{
      "dateTime" : "2020-11-13T04:54:00.000",
      "level" : "deep",
      "seconds" : 3210
    },{
      "dateTime" : "2020-11-13T05:47:30.000",
      "level" : "light",
      "seconds" : 540
    },{
      "dateTime" : "2020-11-13T05:56:30.000",
      "level" : "rem",
      "seconds" : 330
    },{
      "dateTime" : "2020-11-13T06:02:00.000",
      "level" : "light",
      "seconds" : 3240
    },{
      "dateTime" : "2020-11-13T06:56:00.000",
      "level" : "rem",
      "seconds" : 1530
    },{
      "dateTime" : "2020-11-13T07:21:30.000",
      "level" : "light",
      "seconds" : 3090
    },{
      "dateTime" : "2020-11-13T08:13:00.000",
      "level" : "rem",
      "seconds" : 2520
    },{
      "dateTime" : "2020-11-13T08:55:00.000",
      "level" : "light",
      "seconds" : 1080
    },{
      "dateTime" : "2020-11-13T09:13:00.000",
      "level" : "wake",
      "seconds" : 1320
    },{
      "dateTime" : "2020-11-13T09:35:00.000",
      "level" : "light",
      "seconds" : 780
    },{
      "dateTime" : "2020-11-13T09:48:00.000",
      "level" : "wake",
      "seconds" : 270
    },{
      "dateTime" : "2020-11-13T09:52:30.000",
      "level" : "light",
      "seconds" : 330
    },{
      "dateTime" : "2020-11-13T09:58:00.000",
      "level" : "wake",
      "seconds" : 630
    }],
    "shortData" : [{
      "dateTime" : "2020-11-13T01:30:30.000",
      "level" : "wake",
      "seconds" : 60
    },{
      "dateTime" : "2020-11-13T01:59:00.000",
      "level" : "wake",
      "seconds" : 30
    },{
      "dateTime" : "2020-11-13T02:40:00.000",
      "level" : "wake",
      "seconds" : 30
    },{
      "dateTime" : "2020-11-13T02:45:00.000",
      "level" : "wake",
      "seconds" : 90
    },{
      "dateTime" : "2020-11-13T03:07:00.000",
      "level" : "wake",
      "seconds" : 30
    },{
      "dateTime" : "2020-11-13T03:12:30.000",
      "level" : "wake",
      "seconds" : 30
    },{
      "dateTime" : "2020-11-13T03:55:00.000",
      "level" : "wake",
      "seconds" : 120
    },{
      "dateTime" : "2020-11-13T03:59:00.000",
      "level" : "wake",
      "seconds" : 60
    },{
      "dateTime" : "2020-11-13T04:02:30.000",
      "level" : "wake",
      "seconds" : 30
    },{
      "dateTime" : "2020-11-13T05:46:30.000",
      "level" : "wake",
      "seconds" : 60
    },{
      "dateTime" : "2020-11-13T06:06:30.000",
      "level" : "wake",
      "seconds" : 30
    },{
      "dateTime" : "2020-11-13T06:09:30.000",
      "level" : "wake",
      "seconds" : 60
    },{
      "dateTime" : "2020-11-13T06:14:00.000",
      "level" : "wake",
      "seconds" : 60
    },{
      "dateTime" : "2020-11-13T06:17:30.000",
      "level" : "wake",
      "seconds" : 60
    },{
      "dateTime" : "2020-11-13T06:44:00.000",
      "level" : "wake",
      "seconds" : 60
    },{
      "dateTime" : "2020-11-13T06:50:30.000",
      "level" : "wake",
      "seconds" : 30
    },{
      "dateTime" : "2020-11-13T07:33:00.000",
      "level" : "wake",
      "seconds" : 30
    },{
      "dateTime" : "2020-11-13T07:49:30.000",
      "level" : "wake",
      "seconds" : 30
    },{
      "dateTime" : "2020-11-13T07:52:00.000",
      "level" : "wake",
      "seconds" : 30
    },{
      "dateTime" : "2020-11-13T07:59:00.000",
      "level" : "wake",
      "seconds" : 30
    },{
      "dateTime" : "2020-11-13T08:16:30.000",
      "level" : "wake",
      "seconds" : 30
    },{
      "dateTime" : "2020-11-13T09:05:00.000",
      "level" : "wake",
      "seconds" : 30
    },{
      "dateTime" : "2020-11-13T09:44:00.000",
      "level" : "wake",
      "seconds" : 150
    }]
  },
  "mainSleep" : true
},{
  "logId" : 29656523036,
  "dateOfSleep" : "2020-11-12",
  "startTime" : "2020-11-12T01:11:00.000",
  "endTime" : "2020-11-12T07:09:00.000",
  "duration" : 21480000,
  "minutesToFallAsleep" : 0,
  "minutesAsleep" : 320,
  "minutesAwake" : 38,
  "minutesAfterWakeup" : 0,
  "timeInBed" : 358,
  "efficiency" : 97,
  "type" : "stages",
  "infoCode" : 0,
  "logType" : "auto_detected",
  "levels" : {
    "summary" : {
      "deep" : {
        "count" : 5,
        "minutes" : 44,
        "thirtyDayAvgMinutes" : 64
      },
      "wake" : {
        "count" : 21,
        "minutes" : 38,
        "thirtyDayAvgMinutes" : 36
      },
      "light" : {
        "count" : 24,
        "minutes" : 208,
        "thirtyDayAvgMinutes" : 201
      },
      "rem" : {
        "count" : 6,
        "minutes" : 68,
        "thirtyDayAvgMinutes" : 85
      }
    },
    "data" : [{
      "dateTime" : "2020-11-12T01:11:00.000",
      "level" : "wake",
      "seconds" : 30
    },{
      "dateTime" : "2020-11-12T01:11:30.000",
      "level" : "light",
      "seconds" : 1380
    },{
      "dateTime" : "2020-11-12T01:34:30.000",
      "level" : "deep",
      "seconds" : 1140
    },{
      "dateTime" : "2020-11-12T01:53:30.000",
      "level" : "light",
      "seconds" : 1650
    },{
      "dateTime" : "2020-11-12T02:21:00.000",
      "level" : "rem",
      "seconds" : 540
    },{
      "dateTime" : "2020-11-12T02:30:00.000",
      "level" : "light",
      "seconds" : 1200
    },{
      "dateTime" : "2020-11-12T02:50:00.000",
      "level" : "deep",
      "seconds" : 330
    },{
      "dateTime" : "2020-11-12T02:55:30.000",
      "level" : "light",
      "seconds" : 720
    },{
      "dateTime" : "2020-11-12T03:07:30.000",
      "level" : "rem",
      "seconds" : 1590
    },{
      "dateTime" : "2020-11-12T03:34:00.000",
      "level" : "light",
      "seconds" : 480
    },{
      "dateTime" : "2020-11-12T03:42:00.000",
      "level" : "rem",
      "seconds" : 300
    },{
      "dateTime" : "2020-11-12T03:47:00.000",
      "level" : "light",
      "seconds" : 2010
    },{
      "dateTime" : "2020-11-12T04:20:30.000",
      "level" : "deep",
      "seconds" : 390
    },{
      "dateTime" : "2020-11-12T04:27:00.000",
      "level" : "light",
      "seconds" : 810
    },{
      "dateTime" : "2020-11-12T04:40:30.000",
      "level" : "deep",
      "seconds" : 420
    },{
      "dateTime" : "2020-11-12T04:47:30.000",
      "level" : "light",
      "seconds" : 300
    },{
      "dateTime" : "2020-11-12T04:52:30.000",
      "level" : "rem",
      "seconds" : 270
    },{
      "dateTime" : "2020-11-12T04:57:00.000",
      "level" : "light",
      "seconds" : 1680
    },{
      "dateTime" : "2020-11-12T05:25:00.000",
      "level" : "deep",
      "seconds" : 600
    },{
      "dateTime" : "2020-11-12T05:35:00.000",
      "level" : "light",
      "seconds" : 990
    },{
      "dateTime" : "2020-11-12T05:51:30.000",
      "level" : "rem",
      "seconds" : 1440
    },{
      "dateTime" : "2020-11-12T06:15:30.000",
      "level" : "light",
      "seconds" : 1410
    },{
      "dateTime" : "2020-11-12T06:39:00.000",
      "level" : "wake",
      "seconds" : 660
    },{
      "dateTime" : "2020-11-12T06:50:00.000",
      "level" : "light",
      "seconds" : 660
    },{
      "dateTime" : "2020-11-12T07:01:00.000",
      "level" : "wake",
      "seconds" : 300
    },{
      "dateTime" : "2020-11-12T07:06:00.000",
      "level" : "light",
      "seconds" : 180
    }],
    "shortData" : [{
      "dateTime" : "2020-11-12T01:52:30.000",
      "level" : "wake",
      "seconds" : 60
    },{
      "dateTime" : "2020-11-12T02:11:30.000",
      "level" : "wake",
      "seconds" : 60
    },{
      "dateTime" : "2020-11-12T02:30:00.000",
      "level" : "wake",
      "seconds" : 60
    },{
      "dateTime" : "2020-11-12T02:55:30.000",
      "level" : "wake",
      "seconds" : 90
    },{
      "dateTime" : "2020-11-12T03:27:00.000",
      "level" : "wake",
      "seconds" : 30
    },{
      "dateTime" : "2020-11-12T03:49:30.000",
      "level" : "wake",
      "seconds" : 60
    },{
      "dateTime" : "2020-11-12T04:46:00.000",
      "level" : "wake",
      "seconds" : 90
    },{
      "dateTime" : "2020-11-12T04:50:00.000",
      "level" : "wake",
      "seconds" : 30
    },{
      "dateTime" : "2020-11-12T05:00:30.000",
      "level" : "wake",
      "seconds" : 30
    },{
      "dateTime" : "2020-11-12T05:03:30.000",
      "level" : "wake",
      "seconds" : 120
    },{
      "dateTime" : "2020-11-12T05:34:00.000",
      "level" : "wake",
      "seconds" : 60
    },{
      "dateTime" : "2020-11-12T05:37:30.000",
      "level" : "wake",
      "seconds" : 90
    },{
      "dateTime" : "2020-11-12T05:47:00.000",
      "level" : "wake",
      "seconds" : 30
    },{
      "dateTime" : "2020-11-12T06:14:30.000",
      "level" : "wake",
      "seconds" : 60
    },{
      "dateTime" : "2020-11-12T06:18:30.000",
      "level" : "wake",
      "seconds" : 30
    },{
      "dateTime" : "2020-11-12T06:27:30.000",
      "level" : "wake",
      "seconds" : 90
    },{
      "dateTime" : "2020-11-12T06:32:30.000",
      "level" : "wake",
      "seconds" : 30
    },{
      "dateTime" : "2020-11-12T06:35:00.000",
      "level" : "wake",
      "seconds" : 120
    }]
  },
  "mainSleep" : true
},{
  "logId" : 29644866186,
  "dateOfSleep" : "2020-11-11",
  "startTime" : "2020-11-11T00:58:30.000",
  "endTime" : "2020-11-11T07:17:30.000",
  "duration" : 22740000,
  "minutesToFallAsleep" : 0,
  "minutesAsleep" : 341,
  "minutesAwake" : 38,
  "minutesAfterWakeup" : 0,
  "timeInBed" : 379,
  "efficiency" : 93,
  "type" : "stages",
  "infoCode" : 0,
  "logType" : "auto_detected",
  "levels" : {
    "summary" : {
      "deep" : {
        "count" : 3,
        "minutes" : 65,
        "thirtyDayAvgMinutes" : 62
      },
      "wake" : {
        "count" : 16,
        "minutes" : 38,
        "thirtyDayAvgMinutes" : 33
      },
      "light" : {
        "count" : 17,
        "minutes" : 214,
        "thirtyDayAvgMinutes" : 188
      },
      "rem" : {
        "count" : 3,
        "minutes" : 62,
        "thirtyDayAvgMinutes" : 107
      }
    },
    "data" : [{
      "dateTime" : "2020-11-11T00:58:30.000",
      "level" : "wake",
      "seconds" : 270
    },{
      "dateTime" : "2020-11-11T01:03:00.000",
      "level" : "light",
      "seconds" : 2340
    },{
      "dateTime" : "2020-11-11T01:42:00.000",
      "level" : "deep",
      "seconds" : 1320
    },{
      "dateTime" : "2020-11-11T02:04:00.000",
      "level" : "light",
      "seconds" : 1740
    },{
      "dateTime" : "2020-11-11T02:33:00.000",
      "level" : "deep",
      "seconds" : 270
    },{
      "dateTime" : "2020-11-11T02:37:30.000",
      "level" : "light",
      "seconds" : 570
    },{
      "dateTime" : "2020-11-11T02:47:00.000",
      "level" : "deep",
      "seconds" : 2520
    },{
      "dateTime" : "2020-11-11T03:29:00.000",
      "level" : "light",
      "seconds" : 360
    },{
      "dateTime" : "2020-11-11T03:35:00.000",
      "level" : "rem",
      "seconds" : 960
    },{
      "dateTime" : "2020-11-11T03:51:00.000",
      "level" : "light",
      "seconds" : 3810
    },{
      "dateTime" : "2020-11-11T04:54:30.000",
      "level" : "rem",
      "seconds" : 2790
    },{
      "dateTime" : "2020-11-11T05:41:00.000",
      "level" : "light",
      "seconds" : 1710
    },{
      "dateTime" : "2020-11-11T06:09:30.000",
      "level" : "wake",
      "seconds" : 600
    },{
      "dateTime" : "2020-11-11T06:19:30.000",
      "level" : "light",
      "seconds" : 2190
    },{
      "dateTime" : "2020-11-11T06:56:00.000",
      "level" : "wake",
      "seconds" : 540
    },{
      "dateTime" : "2020-11-11T07:05:00.000",
      "level" : "light",
      "seconds" : 750
    }],
    "shortData" : [{
      "dateTime" : "2020-11-11T01:12:00.000",
      "level" : "wake",
      "seconds" : 60
    },{
      "dateTime" : "2020-11-11T02:01:30.000",
      "level" : "wake",
      "seconds" : 150
    },{
      "dateTime" : "2020-11-11T02:05:30.000",
      "level" : "wake",
      "seconds" : 120
    },{
      "dateTime" : "2020-11-11T02:39:30.000",
      "level" : "wake",
      "seconds" : 60
    },{
      "dateTime" : "2020-11-11T03:28:30.000",
      "level" : "wake",
      "seconds" : 30
    },{
      "dateTime" : "2020-11-11T04:22:30.000",
      "level" : "wake",
      "seconds" : 90
    },{
      "dateTime" : "2020-11-11T04:44:30.000",
      "level" : "wake",
      "seconds" : 30
    },{
      "dateTime" : "2020-11-11T05:24:00.000",
      "level" : "wake",
      "seconds" : 60
    },{
      "dateTime" : "2020-11-11T06:22:30.000",
      "level" : "wake",
      "seconds" : 30
    },{
      "dateTime" : "2020-11-11T06:44:00.000",
      "level" : "wake",
      "seconds" : 120
    },{
      "dateTime" : "2020-11-11T06:48:00.000",
      "level" : "wake",
      "seconds" : 30
    },{
      "dateTime" : "2020-11-11T07:07:30.000",
      "level" : "wake",
      "seconds" : 30
    },{
      "dateTime" : "2020-11-11T07:16:00.000",
      "level" : "wake",
      "seconds" : 90
    }]
  },
  "mainSleep" : true
},{
  "logId" : 29632595996,
  "dateOfSleep" : "2020-11-10",
  "startTime" : "2020-11-10T00:42:00.000",
  "endTime" : "2020-11-10T07:12:30.000",
  "duration" : 23400000,
  "minutesToFallAsleep" : 0,
  "minutesAsleep" : 357,
  "minutesAwake" : 33,
  "minutesAfterWakeup" : 0,
  "timeInBed" : 390,
  "efficiency" : 97,
  "type" : "stages",
  "infoCode" : 0,
  "logType" : "auto_detected",
  "levels" : {
    "summary" : {
      "deep" : {
        "count" : 5,
        "minutes" : 62,
        "thirtyDayAvgMinutes" : 0
      },
      "wake" : {
        "count" : 17,
        "minutes" : 33,
        "thirtyDayAvgMinutes" : 0
      },
      "light" : {
        "count" : 17,
        "minutes" : 188,
        "thirtyDayAvgMinutes" : 0
      },
      "rem" : {
        "count" : 5,
        "minutes" : 107,
        "thirtyDayAvgMinutes" : 0
      }
    },
    "data" : [{
      "dateTime" : "2020-11-10T00:42:00.000",
      "level" : "wake",
      "seconds" : 30
    },{
      "dateTime" : "2020-11-10T00:42:30.000",
      "level" : "light",
      "seconds" : 1020
    },{
      "dateTime" : "2020-11-10T00:59:30.000",
      "level" : "deep",
      "seconds" : 1710
    },{
      "dateTime" : "2020-11-10T01:28:00.000",
      "level" : "light",
      "seconds" : 1140
    },{
      "dateTime" : "2020-11-10T01:47:00.000",
      "level" : "deep",
      "seconds" : 1140
    },{
      "dateTime" : "2020-11-10T02:06:00.000",
      "level" : "light",
      "seconds" : 120
    },{
      "dateTime" : "2020-11-10T02:08:00.000",
      "level" : "rem",
      "seconds" : 1980
    },{
      "dateTime" : "2020-11-10T02:41:00.000",
      "level" : "light",
      "seconds" : 1380
    },{
      "dateTime" : "2020-11-10T03:04:00.000",
      "level" : "deep",
      "seconds" : 300
    },{
      "dateTime" : "2020-11-10T03:09:00.000",
      "level" : "light",
      "seconds" : 30
    },{
      "dateTime" : "2020-11-10T03:09:30.000",
      "level" : "deep",
      "seconds" : 300
    },{
      "dateTime" : "2020-11-10T03:14:30.000",
      "level" : "light",
      "seconds" : 1740
    },{
      "dateTime" : "2020-11-10T03:43:30.000",
      "level" : "rem",
      "seconds" : 1620
    },{
      "dateTime" : "2020-11-10T04:10:30.000",
      "level" : "light",
      "seconds" : 1950
    },{
      "dateTime" : "2020-11-10T04:43:00.000",
      "level" : "deep",
      "seconds" : 360
    },{
      "dateTime" : "2020-11-10T04:49:00.000",
      "level" : "light",
      "seconds" : 2340
    },{
      "dateTime" : "2020-11-10T05:28:00.000",
      "level" : "rem",
      "seconds" : 3030
    },{
      "dateTime" : "2020-11-10T06:18:30.000",
      "level" : "wake",
      "seconds" : 270
    },{
      "dateTime" : "2020-11-10T06:23:00.000",
      "level" : "light",
      "seconds" : 1260
    },{
      "dateTime" : "2020-11-10T06:44:00.000",
      "level" : "wake",
      "seconds" : 690
    },{
      "dateTime" : "2020-11-10T06:55:30.000",
      "level" : "light",
      "seconds" : 1020
    }],
    "shortData" : [{
      "dateTime" : "2020-11-10T00:42:00.000",
      "level" : "wake",
      "seconds" : 180
    },{
      "dateTime" : "2020-11-10T01:26:30.000",
      "level" : "wake",
      "seconds" : 90
    },{
      "dateTime" : "2020-11-10T02:06:30.000",
      "level" : "wake",
      "seconds" : 30
    },{
      "dateTime" : "2020-11-10T02:52:00.000",
      "level" : "wake",
      "seconds" : 30
    },{
      "dateTime" : "2020-11-10T03:14:30.000",
      "level" : "wake",
      "seconds" : 90
    },{
      "dateTime" : "2020-11-10T03:42:30.000",
      "level" : "wake",
      "seconds" : 60
    },{
      "dateTime" : "2020-11-10T04:08:00.000",
      "level" : "wake",
      "seconds" : 150
    },{
      "dateTime" : "2020-11-10T04:12:00.000",
      "level" : "wake",
      "seconds" : 60
    },{
      "dateTime" : "2020-11-10T04:56:00.000",
      "level" : "wake",
      "seconds" : 30
    },{
      "dateTime" : "2020-11-10T05:05:00.000",
      "level" : "wake",
      "seconds" : 90
    },{
      "dateTime" : "2020-11-10T05:16:00.000",
      "level" : "wake",
      "seconds" : 30
    },{
      "dateTime" : "2020-11-10T05:59:00.000",
      "level" : "wake",
      "seconds" : 30
    },{
      "dateTime" : "2020-11-10T06:09:30.000",
      "level" : "wake",
      "seconds" : 30
    },{
      "dateTime" : "2020-11-10T06:26:00.000",
      "level" : "wake",
      "seconds" : 90
    },{
      "dateTime" : "2020-11-10T07:12:00.000",
      "level" : "wake",
      "seconds" : 30
    }]
  },
  "mainSleep" : true
}]