[{
  "logId" : 30487075548,
  "dateOfSleep" : "2021-01-14",
  "startTime" : "2021-01-14T01:41:30.000",
  "endTime" : "2021-01-14T10:53:30.000",
  "duration" : 33120000,
  "minutesToFallAsleep" : 0,
  "minutesAsleep" : 486,
  "minutesAwake" : 66,
  "minutesAfterWakeup" : 0,
  "timeInBed" : 552,
  "efficiency" : 91,
  "type" : "stages",
  "infoCode" : 0,
  "logType" : "auto_detected",
  "levels" : {
    "summary" : {
      "deep" : {
        "count" : 4,
        "minutes" : 46,
        "thirtyDayAvgMinutes" : 53
      },
      "wake" : {
        "count" : 21,
        "minutes" : 66,
        "thirtyDayAvgMinutes" : 42
      },
      "light" : {
        "count" : 21,
        "minutes" : 355,
        "thirtyDayAvgMinutes" : 246
      },
      "rem" : {
        "count" : 6,
        "minutes" : 85,
        "thirtyDayAvgMinutes" : 86
      }
    },
    "data" : [{
      "dateTime" : "2021-01-14T01:41:30.000",
      "level" : "wake",
      "seconds" : 750
    },{
      "dateTime" : "2021-01-14T01:54:00.000",
      "level" : "light",
      "seconds" : 1110
    },{
      "dateTime" : "2021-01-14T02:12:30.000",
      "level" : "deep",
      "seconds" : 1350
    },{
      "dateTime" : "2021-01-14T02:35:00.000",
      "level" : "light",
      "seconds" : 1740
    },{
      "dateTime" : "2021-01-14T03:04:00.000",
      "level" : "rem",
      "seconds" : 960
    },{
      "dateTime" : "2021-01-14T03:20:00.000",
      "level" : "light",
      "seconds" : 2580
    },{
      "dateTime" : "2021-01-14T04:03:00.000",
      "level" : "deep",
      "seconds" : 300
    },{
      "dateTime" : "2021-01-14T04:08:00.000",
      "level" : "light",
      "seconds" : 420
    },{
      "dateTime" : "2021-01-14T04:15:00.000",
      "level" : "deep",
      "seconds" : 630
    },{
      "dateTime" : "2021-01-14T04:25:30.000",
      "level" : "light",
      "seconds" : 390
    },{
      "dateTime" : "2021-01-14T04:32:00.000",
      "level" : "rem",
      "seconds" : 2010
    },{
      "dateTime" : "2021-01-14T05:05:30.000",
      "level" : "light",
      "seconds" : 1650
    },{
      "dateTime" : "2021-01-14T05:33:00.000",
      "level" : "wake",
      "seconds" : 210
    },{
      "dateTime" : "2021-01-14T05:36:30.000",
      "level" : "light",
      "seconds" : 1950
    },{
      "dateTime" : "2021-01-14T06:09:00.000",
      "level" : "wake",
      "seconds" : 300
    },{
      "dateTime" : "2021-01-14T06:14:00.000",
      "level" : "light",
      "seconds" : 1440
    },{
      "dateTime" : "2021-01-14T06:38:00.000",
      "level" : "rem",
      "seconds" : 990
    },{
      "dateTime" : "2021-01-14T06:54:30.000",
      "level" : "light",
      "seconds" : 3060
    },{
      "dateTime" : "2021-01-14T07:45:30.000",
      "level" : "deep",
      "seconds" : 600
    },{
      "dateTime" : "2021-01-14T07:55:30.000",
      "level" : "light",
      "seconds" : 4080
    },{
      "dateTime" : "2021-01-14T09:03:30.000",
      "level" : "wake",
      "seconds" : 360
    },{
      "dateTime" : "2021-01-14T09:09:30.000",
      "level" : "light",
      "seconds" : 990
    },{
      "dateTime" : "2021-01-14T09:26:00.000",
      "level" : "wake",
      "seconds" : 720
    },{
      "dateTime" : "2021-01-14T09:38:00.000",
      "level" : "light",
      "seconds" : 2520
    },{
      "dateTime" : "2021-01-14T10:20:00.000",
      "level" : "rem",
      "seconds" : 360
    },{
      "dateTime" : "2021-01-14T10:26:00.000",
      "level" : "wake",
      "seconds" : 420
    },{
      "dateTime" : "2021-01-14T10:33:00.000",
      "level" : "light",
      "seconds" : 240
    },{
      "dateTime" : "2021-01-14T10:37:00.000",
      "level" : "rem",
      "seconds" : 990
    }],
    "shortData" : [{
      "dateTime" : "2021-01-14T02:35:00.000",
      "level" : "wake",
      "seconds" : 60
    },{
      "dateTime" : "2021-01-14T03:20:00.000",
      "level" : "wake",
      "seconds" : 120
    },{
      "dateTime" : "2021-01-14T03:41:30.000",
      "level" : "wake",
      "seconds" : 180
    },{
      "dateTime" : "2021-01-14T04:23:30.000",
      "level" : "wake",
      "seconds" : 120
    },{
      "dateTime" : "2021-01-14T04:42:30.000",
      "level" : "wake",
      "seconds" : 30
    },{
      "dateTime" : "2021-01-14T05:02:30.000",
      "level" : "wake",
      "seconds" : 180
    },{
      "dateTime" : "2021-01-14T05:08:00.000",
      "level" : "wake",
      "seconds" : 120
    },{
      "dateTime" : "2021-01-14T05:12:00.000",
      "level" : "wake",
      "seconds" : 30
    },{
      "dateTime" : "2021-01-14T06:54:30.000",
      "level" : "wake",
      "seconds" : 90
    },{
      "dateTime" : "2021-01-14T07:55:30.000",
      "level" : "wake",
      "seconds" : 30
    },{
      "dateTime" : "2021-01-14T08:16:30.000",
      "level" : "wake",
      "seconds" : 60
    },{
      "dateTime" : "2021-01-14T08:38:00.000",
      "level" : "wake",
      "seconds" : 30
    },{
      "dateTime" : "2021-01-14T08:46:30.000",
      "level" : "wake",
      "seconds" : 30
    },{
      "dateTime" : "2021-01-14T08:59:00.000",
      "level" : "wake",
      "seconds" : 60
    },{
      "dateTime" : "2021-01-14T09:59:00.000",
      "level" : "wake",
      "seconds" : 60
    }]
  },
  "mainSleep" : true
},{
  "logId" : 30453493319,
  "dateOfSleep" : "2021-01-12",
  "startTime" : "2021-01-12T01:47:30.000",
  "endTime" : "2021-01-12T09:54:00.000",
  "duration" : 29160000,
  "minutesToFallAsleep" : 0,
  "minutesAsleep" : 438,
  "minutesAwake" : 48,
  "minutesAfterWakeup" : 0,
  "timeInBed" : 486,
  "efficiency" : 94,
  "type" : "stages",
  "infoCode" : 0,
  "logType" : "auto_detected",
  "levels" : {
    "summary" : {
      "deep" : {
        "count" : 3,
        "minutes" : 67,
        "thirtyDayAvgMinutes" : 53
      },
      "wake" : {
        "count" : 25,
        "minutes" : 48,
        "thirtyDayAvgMinutes" : 42
      },
      "light" : {
        "count" : 25,
        "minutes" : 270,
        "thirtyDayAvgMinutes" : 244
      },
      "rem" : {
        "count" : 9,
        "minutes" : 101,
        "thirtyDayAvgMinutes" : 85
      }
    },
    "data" : [{
      "dateTime" : "2021-01-12T01:47:30.000",
      "level" : "wake",
      "seconds" : 570
    },{
      "dateTime" : "2021-01-12T01:57:00.000",
      "level" : "light",
      "seconds" : 510
    },{
      "dateTime" : "2021-01-12T02:05:30.000",
      "level" : "deep",
      "seconds" : 2940
    },{
      "dateTime" : "2021-01-12T02:54:30.000",
      "level" : "light",
      "seconds" : 1560
    },{
      "dateTime" : "2021-01-12T03:20:30.000",
      "level" : "deep",
      "seconds" : 750
    },{
      "dateTime" : "2021-01-12T03:33:00.000",
      "level" : "light",
      "seconds" : 2790
    },{
      "dateTime" : "2021-01-12T04:19:30.000",
      "level" : "rem",
      "seconds" : 1140
    },{
      "dateTime" : "2021-01-12T04:38:30.000",
      "level" : "light",
      "seconds" : 3990
    },{
      "dateTime" : "2021-01-12T05:45:00.000",
      "level" : "deep",
      "seconds" : 510
    },{
      "dateTime" : "2021-01-12T05:53:30.000",
      "level" : "light",
      "seconds" : 240
    },{
      "dateTime" : "2021-01-12T05:57:30.000",
      "level" : "rem",
      "seconds" : 1230
    },{
      "dateTime" : "2021-01-12T06:18:00.000",
      "level" : "light",
      "seconds" : 570
    },{
      "dateTime" : "2021-01-12T06:27:30.000",
      "level" : "wake",
      "seconds" : 270
    },{
      "dateTime" : "2021-01-12T06:32:00.000",
      "level" : "light",
      "seconds" : 2430
    },{
      "dateTime" : "2021-01-12T07:12:30.000",
      "level" : "wake",
      "seconds" : 870
    },{
      "dateTime" : "2021-01-12T07:27:00.000",
      "level" : "light",
      "seconds" : 300
    },{
      "dateTime" : "2021-01-12T07:32:00.000",
      "level" : "rem",
      "seconds" : 2010
    },{
      "dateTime" : "2021-01-12T08:05:30.000",
      "level" : "light",
      "seconds" : 3690
    },{
      "dateTime" : "2021-01-12T09:07:00.000",
      "level" : "rem",
      "seconds" : 1830
    },{
      "dateTime" : "2021-01-12T09:37:30.000",
      "level" : "light",
      "seconds" : 990
    }],
    "shortData" : [{
      "dateTime" : "2021-01-12T02:53:00.000",
      "level" : "wake",
      "seconds" : 90
    },{
      "dateTime" : "2021-01-12T02:57:00.000",
      "level" : "wake",
      "seconds" : 60
    },{
      "dateTime" : "2021-01-12T03:00:00.000",
      "level" : "wake",
      "seconds" : 30
    },{
      "dateTime" : "2021-01-12T03:04:00.000",
      "level" : "wake",
      "seconds" : 90
    },{
      "dateTime" : "2021-01-12T04:20:30.000",
      "level" : "wake",
      "seconds" : 30
    },{
      "dateTime" : "2021-01-12T04:35:30.000",
      "level" : "wake",
      "seconds" : 30
    },{
      "dateTime" : "2021-01-12T04:39:00.000",
      "level" : "wake",
      "seconds" : 60
    },{
      "dateTime" : "2021-01-12T05:04:30.000",
      "level" : "wake",
      "seconds" : 30
    },{
      "dateTime" : "2021-01-12T05:52:30.000",
      "level" : "wake",
      "seconds" : 60
    },{
      "dateTime" : "2021-01-12T06:09:30.000",
      "level" : "wake",
      "seconds" : 30
    },{
      "dateTime" : "2021-01-12T06:18:30.000",
      "level" : "wake",
      "seconds" : 120
    },{
      "dateTime" : "2021-01-12T06:36:30.000",
      "level" : "wake",
      "seconds" : 30
    },{
      "dateTime" : "2021-01-12T06:42:30.000",
      "level" : "wake",
      "seconds" : 90
    },{
      "dateTime" : "2021-01-12T06:52:30.000",
      "level" : "wake",
      "seconds" : 60
    },{
      "dateTime" : "2021-01-12T07:05:00.000",
      "level" : "wake",
      "seconds" : 90
    },{
      "dateTime" : "2021-01-12T07:37:30.000",
      "level" : "wake",
      "seconds" : 30
    },{
      "dateTime" : "2021-01-12T08:14:00.000",
      "level" : "wake",
      "seconds" : 60
    },{
      "dateTime" : "2021-01-12T08:19:00.000",
      "level" : "wake",
      "seconds" : 60
    },{
      "dateTime" : "2021-01-12T08:29:00.000",
      "level" : "wake",
      "seconds" : 30
    },{
      "dateTime" : "2021-01-12T08:36:30.000",
      "level" : "wake",
      "seconds" : 60
    },{
      "dateTime" : "2021-01-12T08:51:30.000",
      "level" : "wake",
      "seconds" : 30
    },{
      "dateTime" : "2021-01-12T09:24:30.000",
      "level" : "wake",
      "seconds" : 30
    }]
  },
  "mainSleep" : true
},{
  "logId" : 30436985572,
  "dateOfSleep" : "2021-01-11",
  "startTime" : "2021-01-11T01:37:00.000",
  "endTime" : "2021-01-11T10:27:00.000",
  "duration" : 31800000,
  "minutesToFallAsleep" : 0,
  "minutesAsleep" : 477,
  "minutesAwake" : 53,
  "minutesAfterWakeup" : 2,
  "timeInBed" : 530,
  "efficiency" : 91,
  "type" : "stages",
  "infoCode" : 0,
  "logType" : "auto_detected",
  "levels" : {
    "summary" : {
      "deep" : {
        "count" : 3,
        "minutes" : 64,
        "thirtyDayAvgMinutes" : 52
      },
      "wake" : {
        "count" : 23,
        "minutes" : 53,
        "thirtyDayAvgMinutes" : 41
      },
      "light" : {
        "count" : 24,
        "minutes" : 301,
        "thirtyDayAvgMinutes" : 240
      },
      "rem" : {
        "count" : 8,
        "minutes" : 112,
        "thirtyDayAvgMinutes" : 83
      }
    },
    "data" : [{
      "dateTime" : "2021-01-11T01:37:00.000",
      "level" : "wake",
      "seconds" : 240
    },{
      "dateTime" : "2021-01-11T01:41:00.000",
      "level" : "light",
      "seconds" : 1140
    },{
      "dateTime" : "2021-01-11T02:00:00.000",
      "level" : "deep",
      "seconds" : 390
    },{
      "dateTime" : "2021-01-11T02:06:30.000",
      "level" : "light",
      "seconds" : 1320
    },{
      "dateTime" : "2021-01-11T02:28:30.000",
      "level" : "rem",
      "seconds" : 1410
    },{
      "dateTime" : "2021-01-11T02:52:00.000",
      "level" : "light",
      "seconds" : 510
    },{
      "dateTime" : "2021-01-11T03:00:30.000",
      "level" : "deep",
      "seconds" : 1320
    },{
      "dateTime" : "2021-01-11T03:22:30.000",
      "level" : "wake",
      "seconds" : 300
    },{
      "dateTime" : "2021-01-11T03:27:30.000",
      "level" : "light",
      "seconds" : 780
    },{
      "dateTime" : "2021-01-11T03:40:30.000",
      "level" : "wake",
      "seconds" : 330
    },{
      "dateTime" : "2021-01-11T03:46:00.000",
      "level" : "light",
      "seconds" : 1110
    },{
      "dateTime" : "2021-01-11T04:04:30.000",
      "level" : "rem",
      "seconds" : 1470
    },{
      "dateTime" : "2021-01-11T04:29:00.000",
      "level" : "light",
      "seconds" : 240
    },{
      "dateTime" : "2021-01-11T04:33:00.000",
      "level" : "rem",
      "seconds" : 270
    },{
      "dateTime" : "2021-01-11T04:37:30.000",
      "level" : "light",
      "seconds" : 450
    },{
      "dateTime" : "2021-01-11T04:45:00.000",
      "level" : "rem",
      "seconds" : 330
    },{
      "dateTime" : "2021-01-11T04:50:30.000",
      "level" : "light",
      "seconds" : 990
    },{
      "dateTime" : "2021-01-11T05:07:00.000",
      "level" : "deep",
      "seconds" : 2130
    },{
      "dateTime" : "2021-01-11T05:42:30.000",
      "level" : "light",
      "seconds" : 4200
    },{
      "dateTime" : "2021-01-11T06:52:30.000",
      "level" : "wake",
      "seconds" : 210
    },{
      "dateTime" : "2021-01-11T06:56:00.000",
      "level" : "light",
      "seconds" : 180
    },{
      "dateTime" : "2021-01-11T06:59:00.000",
      "level" : "rem",
      "seconds" : 660
    },{
      "dateTime" : "2021-01-11T07:10:00.000",
      "level" : "wake",
      "seconds" : 330
    },{
      "dateTime" : "2021-01-11T07:15:30.000",
      "level" : "light",
      "seconds" : 120
    },{
      "dateTime" : "2021-01-11T07:17:30.000",
      "level" : "rem",
      "seconds" : 1530
    },{
      "dateTime" : "2021-01-11T07:43:00.000",
      "level" : "light",
      "seconds" : 870
    },{
      "dateTime" : "2021-01-11T07:57:30.000",
      "level" : "wake",
      "seconds" : 360
    },{
      "dateTime" : "2021-01-11T08:03:30.000",
      "level" : "light",
      "seconds" : 2160
    },{
      "dateTime" : "2021-01-11T08:39:30.000",
      "level" : "rem",
      "seconds" : 1230
    },{
      "dateTime" : "2021-01-11T09:00:00.000",
      "level" : "wake",
      "seconds" : 300
    },{
      "dateTime" : "2021-01-11T09:05:00.000",
      "level" : "light",
      "seconds" : 4560
    },{
      "dateTime" : "2021-01-11T10:21:00.000",
      "level" : "wake",
      "seconds" : 360
    }],
    "shortData" : [{
      "dateTime" : "2021-01-11T01:44:30.000",
      "level" : "wake",
      "seconds" : 30
    },{
      "dateTime" : "2021-01-11T01:52:00.000",
      "level" : "wake",
      "seconds" : 30
    },{
      "dateTime" : "2021-01-11T02:22:30.000",
      "level" : "wake",
      "seconds" : 60
    },{
      "dateTime" : "2021-01-11T04:27:00.000",
      "level" : "wake",
      "seconds" : 120
    },{
      "dateTime" : "2021-01-11T04:37:30.000",
      "level" : "wake",
      "seconds" : 30
    },{
      "dateTime" : "2021-01-11T05:42:00.000",
      "level" : "wake",
      "seconds" : 30
    },{
      "dateTime" : "2021-01-11T06:11:00.000",
      "level" : "wake",
      "seconds" : 30
    },{
      "dateTime" : "2021-01-11T06:48:30.000",
      "level" : "wake",
      "seconds" : 60
    },{
      "dateTime" : "2021-01-11T07:24:30.000",
      "level" : "wake",
      "seconds" : 30
    },{
      "dateTime" : "2021-01-11T07:42:30.000",
      "level" : "wake",
      "seconds" : 30
    },{
      "dateTime" : "2021-01-11T08:23:00.000",
      "level" : "wake",
      "seconds" : 90
    },{
      "dateTime" : "2021-01-11T08:30:00.000",
      "level" : "wake",
      "seconds" : 120
    },{
      "dateTime" : "2021-01-11T09:13:30.000",
      "level" : "wake",
      "seconds" : 30
    },{
      "dateTime" : "2021-01-11T09:30:00.000",
      "level" : "wake",
      "seconds" : 60
    },{
      "dateTime" : "2021-01-11T09:54:00.000",
      "level" : "wake",
      "seconds" : 30
    }]
  },
  "mainSleep" : true
},{
  "logId" : 30422437777,
  "dateOfSleep" : "2021-01-10",
  "startTime" : "2021-01-10T00:21:00.000",
  "endTime" : "2021-01-10T10:16:30.000",
  "duration" : 35700000,
  "minutesToFallAsleep" : 0,
  "minutesAsleep" : 544,
  "minutesAwake" : 51,
  "minutesAfterWakeup" : 0,
  "timeInBed" : 595,
  "efficiency" : 96,
  "type" : "stages",
  "infoCode" : 0,
  "logType" : "auto_detected",
  "levels" : {
    "summary" : {
      "deep" : {
        "count" : 3,
        "minutes" : 85,
        "thirtyDayAvgMinutes" : 49
      },
      "wake" : {
        "count" : 26,
        "minutes" : 51,
        "thirtyDayAvgMinutes" : 40
      },
      "light" : {
        "count" : 26,
        "minutes" : 325,
        "thirtyDayAvgMinutes" : 233
      },
      "rem" : {
        "count" : 10,
        "minutes" : 134,
        "thirtyDayAvgMinutes" : 79
      }
    },
    "data" : [{
      "dateTime" : "2021-01-10T00:21:00.000",
      "level" : "wake",
      "seconds" : 30
    },{
      "dateTime" : "2021-01-10T00:21:30.000",
      "level" : "light",
      "seconds" : 1140
    },{
      "dateTime" : "2021-01-10T00:40:30.000",
      "level" : "deep",
      "seconds" : 330
    },{
      "dateTime" : "2021-01-10T00:46:00.000",
      "level" : "light",
      "seconds" : 330
    },{
      "dateTime" : "2021-01-10T00:51:30.000",
      "level" : "deep",
      "seconds" : 1350
    },{
      "dateTime" : "2021-01-10T01:14:00.000",
      "level" : "wake",
      "seconds" : 360
    },{
      "dateTime" : "2021-01-10T01:20:00.000",
      "level" : "light",
      "seconds" : 2220
    },{
      "dateTime" : "2021-01-10T01:57:00.000",
      "level" : "deep",
      "seconds" : 3480
    },{
      "dateTime" : "2021-01-10T02:55:00.000",
      "level" : "rem",
      "seconds" : 1830
    },{
      "dateTime" : "2021-01-10T03:25:30.000",
      "level" : "light",
      "seconds" : 3840
    },{
      "dateTime" : "2021-01-10T04:29:30.000",
      "level" : "rem",
      "seconds" : 1920
    },{
      "dateTime" : "2021-01-10T05:01:30.000",
      "level" : "light",
      "seconds" : 3780
    },{
      "dateTime" : "2021-01-10T06:04:30.000",
      "level" : "rem",
      "seconds" : 1950
    },{
      "dateTime" : "2021-01-10T06:37:00.000",
      "level" : "light",
      "seconds" : 390
    },{
      "dateTime" : "2021-01-10T06:43:30.000",
      "level" : "rem",
      "seconds" : 270
    },{
      "dateTime" : "2021-01-10T06:48:00.000",
      "level" : "light",
      "seconds" : 3330
    },{
      "dateTime" : "2021-01-10T07:43:30.000",
      "level" : "rem",
      "seconds" : 1140
    },{
      "dateTime" : "2021-01-10T08:02:30.000",
      "level" : "light",
      "seconds" : 1620
    },{
      "dateTime" : "2021-01-10T08:29:30.000",
      "level" : "wake",
      "seconds" : 660
    },{
      "dateTime" : "2021-01-10T08:40:30.000",
      "level" : "light",
      "seconds" : 1290
    },{
      "dateTime" : "2021-01-10T09:02:00.000",
      "level" : "rem",
      "seconds" : 780
    },{
      "dateTime" : "2021-01-10T09:15:00.000",
      "level" : "light",
      "seconds" : 570
    },{
      "dateTime" : "2021-01-10T09:24:30.000",
      "level" : "rem",
      "seconds" : 300
    },{
      "dateTime" : "2021-01-10T09:29:30.000",
      "level" : "light",
      "seconds" : 2250
    },{
      "dateTime" : "2021-01-10T10:07:00.000",
      "level" : "wake",
      "seconds" : 570
    }],
    "shortData" : [{
      "dateTime" : "2021-01-10T00:21:00.000",
      "level" : "wake",
      "seconds" : 180
    },{
      "dateTime" : "2021-01-10T01:37:00.000",
      "level" : "wake",
      "seconds" : 60
    },{
      "dateTime" : "2021-01-10T02:54:00.000",
      "level" : "wake",
      "seconds" : 60
    },{
      "dateTime" : "2021-01-10T03:22:00.000",
      "level" : "wake",
      "seconds" : 30
    },{
      "dateTime" : "2021-01-10T03:28:00.000",
      "level" : "wake",
      "seconds" : 30
    },{
      "dateTime" : "2021-01-10T03:46:30.000",
      "level" : "wake",
      "seconds" : 30
    },{
      "dateTime" : "2021-01-10T04:02:00.000",
      "level" : "wake",
      "seconds" : 60
    },{
      "dateTime" : "2021-01-10T04:23:00.000",
      "level" : "wake",
      "seconds" : 60
    },{
      "dateTime" : "2021-01-10T04:47:30.000",
      "level" : "wake",
      "seconds" : 30
    },{
      "dateTime" : "2021-01-10T05:05:00.000",
      "level" : "wake",
      "seconds" : 60
    },{
      "dateTime" : "2021-01-10T05:43:30.000",
      "level" : "wake",
      "seconds" : 120
    },{
      "dateTime" : "2021-01-10T06:09:30.000",
      "level" : "wake",
      "seconds" : 30
    },{
      "dateTime" : "2021-01-10T06:59:30.000",
      "level" : "wake",
      "seconds" : 30
    },{
      "dateTime" : "2021-01-10T07:39:00.000",
      "level" : "wake",
      "seconds" : 180
    },{
      "dateTime" : "2021-01-10T08:04:30.000",
      "level" : "wake",
      "seconds" : 60
    },{
      "dateTime" : "2021-01-10T08:19:00.000",
      "level" : "wake",
      "seconds" : 30
    },{
      "dateTime" : "2021-01-10T09:14:00.000",
      "level" : "wake",
      "seconds" : 60
    },{
      "dateTime" : "2021-01-10T09:24:00.000",
      "level" : "wake",
      "seconds" : 30
    },{
      "dateTime" : "2021-01-10T09:29:30.000",
      "level" : "wake",
      "seconds" : 90
    },{
      "dateTime" : "2021-01-10T09:38:30.000",
      "level" : "wake",
      "seconds" : 90
    },{
      "dateTime" : "2021-01-10T09:41:30.000",
      "level" : "wake",
      "seconds" : 30
    },{
      "dateTime" : "2021-01-10T09:59:30.000",
      "level" : "wake",
      "seconds" : 90
    },{
      "dateTime" : "2021-01-10T10:03:30.000",
      "level" : "wake",
      "seconds" : 30
    }]
  },
  "mainSleep" : true
},{
  "logId" : 30405957200,
  "dateOfSleep" : "2021-01-09",
  "startTime" : "2021-01-08T23:54:00.000",
  "endTime" : "2021-01-09T06:05:00.000",
  "duration" : 22260000,
  "minutesToFallAsleep" : 0,
  "minutesAsleep" : 334,
  "minutesAwake" : 37,
  "minutesAfterWakeup" : 0,
  "timeInBed" : 371,
  "efficiency" : 96,
  "type" : "stages",
  "infoCode" : 0,
  "logType" : "auto_detected",
  "levels" : {
    "summary" : {
      "deep" : {
        "count" : 2,
        "minutes" : 71,
        "thirtyDayAvgMinutes" : 47
      },
      "wake" : {
        "count" : 19,
        "minutes" : 37,
        "thirtyDayAvgMinutes" : 40
      },
      "light" : {
        "count" : 20,
        "minutes" : 177,
        "thirtyDayAvgMinutes" : 238
      },
      "rem" : {
        "count" : 4,
        "minutes" : 86,
        "thirtyDayAvgMinutes" : 78
      }
    },
    "data" : [{
      "dateTime" : "2021-01-08T23:54:00.000",
      "level" : "wake",
      "seconds" : 240
    },{
      "dateTime" : "2021-01-08T23:58:00.000",
      "level" : "light",
      "seconds" : 1050
    },{
      "dateTime" : "2021-01-09T00:15:30.000",
      "level" : "deep",
      "seconds" : 2460
    },{
      "dateTime" : "2021-01-09T00:56:30.000",
      "level" : "light",
      "seconds" : 390
    },{
      "dateTime" : "2021-01-09T01:03:00.000",
      "level" : "rem",
      "seconds" : 840
    },{
      "dateTime" : "2021-01-09T01:17:00.000",
      "level" : "light",
      "seconds" : 3210
    },{
      "dateTime" : "2021-01-09T02:10:30.000",
      "level" : "wake",
      "seconds" : 330
    },{
      "dateTime" : "2021-01-09T02:16:00.000",
      "level" : "light",
      "seconds" : 1620
    },{
      "dateTime" : "2021-01-09T02:43:00.000",
      "level" : "rem",
      "seconds" : 2910
    },{
      "dateTime" : "2021-01-09T03:31:30.000",
      "level" : "light",
      "seconds" : 630
    },{
      "dateTime" : "2021-01-09T03:42:00.000",
      "level" : "deep",
      "seconds" : 1980
    },{
      "dateTime" : "2021-01-09T04:15:00.000",
      "level" : "light",
      "seconds" : 900
    },{
      "dateTime" : "2021-01-09T04:30:00.000",
      "level" : "rem",
      "seconds" : 1470
    },{
      "dateTime" : "2021-01-09T04:54:30.000",
      "level" : "light",
      "seconds" : 720
    },{
      "dateTime" : "2021-01-09T05:06:30.000",
      "level" : "wake",
      "seconds" : 360
    },{
      "dateTime" : "2021-01-09T05:12:30.000",
      "level" : "light",
      "seconds" : 2700
    },{
      "dateTime" : "2021-01-09T05:57:30.000",
      "level" : "wake",
      "seconds" : 210
    },{
      "dateTime" : "2021-01-09T06:01:00.000",
      "level" : "light",
      "seconds" : 240
    }],
    "shortData" : [{
      "dateTime" : "2021-01-09T00:00:30.000",
      "level" : "wake",
      "seconds" : 30
    },{
      "dateTime" : "2021-01-09T00:54:00.000",
      "level" : "wake",
      "seconds" : 150
    },{
      "dateTime" : "2021-01-09T00:58:00.000",
      "level" : "wake",
      "seconds" : 60
    },{
      "dateTime" : "2021-01-09T01:16:30.000",
      "level" : "wake",
      "seconds" : 30
    },{
      "dateTime" : "2021-01-09T01:24:00.000",
      "level" : "wake",
      "seconds" : 30
    },{
      "dateTime" : "2021-01-09T01:53:00.000",
      "level" : "wake",
      "seconds" : 60
    },{
      "dateTime" : "2021-01-09T01:56:00.000",
      "level" : "wake",
      "seconds" : 120
    },{
      "dateTime" : "2021-01-09T03:08:00.000",
      "level" : "wake",
      "seconds" : 30
    },{
      "dateTime" : "2021-01-09T04:14:30.000",
      "level" : "wake",
      "seconds" : 30
    },{
      "dateTime" : "2021-01-09T04:17:00.000",
      "level" : "wake",
      "seconds" : 90
    },{
      "dateTime" : "2021-01-09T04:20:00.000",
      "level" : "wake",
      "seconds" : 30
    },{
      "dateTime" : "2021-01-09T05:15:00.000",
      "level" : "wake",
      "seconds" : 30
    },{
      "dateTime" : "2021-01-09T05:39:00.000",
      "level" : "wake",
      "seconds" : 150
    },{
      "dateTime" : "2021-01-09T05:49:00.000",
      "level" : "wake",
      "seconds" : 180
    },{
      "dateTime" : "2021-01-09T05:54:00.000",
      "level" : "wake",
      "seconds" : 60
    }]
  },
  "mainSleep" : true
},{
  "logId" : 30395729337,
  "dateOfSleep" : "2021-01-08",
  "startTime" : "2021-01-08T01:59:00.000",
  "endTime" : "2021-01-08T08:00:30.000",
  "duration" : 21660000,
  "minutesToFallAsleep" : 0,
  "minutesAsleep" : 325,
  "minutesAwake" : 36,
  "minutesAfterWakeup" : 0,
  "timeInBed" : 361,
  "efficiency" : 94,
  "type" : "stages",
  "infoCode" : 0,
  "logType" : "auto_detected",
  "levels" : {
    "summary" : {
      "deep" : {
        "count" : 3,
        "minutes" : 43,
        "thirtyDayAvgMinutes" : 47
      },
      "wake" : {
        "count" : 18,
        "minutes" : 36,
        "thirtyDayAvgMinutes" : 40
      },
      "light" : {
        "count" : 20,
        "minutes" : 217,
        "thirtyDayAvgMinutes" : 240
      },
      "rem" : {
        "count" : 5,
        "minutes" : 65,
        "thirtyDayAvgMinutes" : 79
      }
    },
    "data" : [{
      "dateTime" : "2021-01-08T01:59:00.000",
      "level" : "light",
      "seconds" : 390
    },{
      "dateTime" : "2021-01-08T02:05:30.000",
      "level" : "wake",
      "seconds" : 450
    },{
      "dateTime" : "2021-01-08T02:13:00.000",
      "level" : "light",
      "seconds" : 960
    },{
      "dateTime" : "2021-01-08T02:29:00.000",
      "level" : "deep",
      "seconds" : 1620
    },{
      "dateTime" : "2021-01-08T02:56:00.000",
      "level" : "light",
      "seconds" : 360
    },{
      "dateTime" : "2021-01-08T03:02:00.000",
      "level" : "rem",
      "seconds" : 690
    },{
      "dateTime" : "2021-01-08T03:13:30.000",
      "level" : "light",
      "seconds" : 2340
    },{
      "dateTime" : "2021-01-08T03:52:30.000",
      "level" : "deep",
      "seconds" : 720
    },{
      "dateTime" : "2021-01-08T04:04:30.000",
      "level" : "light",
      "seconds" : 120
    },{
      "dateTime" : "2021-01-08T04:06:30.000",
      "level" : "rem",
      "seconds" : 1680
    },{
      "dateTime" : "2021-01-08T04:34:30.000",
      "level" : "light",
      "seconds" : 1260
    },{
      "dateTime" : "2021-01-08T04:55:30.000",
      "level" : "deep",
      "seconds" : 270
    },{
      "dateTime" : "2021-01-08T05:00:00.000",
      "level" : "light",
      "seconds" : 2820
    },{
      "dateTime" : "2021-01-08T05:47:00.000",
      "level" : "rem",
      "seconds" : 1320
    },{
      "dateTime" : "2021-01-08T06:09:00.000",
      "level" : "light",
      "seconds" : 1140
    },{
      "dateTime" : "2021-01-08T06:28:00.000",
      "level" : "wake",
      "seconds" : 420
    },{
      "dateTime" : "2021-01-08T06:35:00.000",
      "level" : "light",
      "seconds" : 2790
    },{
      "dateTime" : "2021-01-08T07:21:30.000",
      "level" : "rem",
      "seconds" : 270
    },{
      "dateTime" : "2021-01-08T07:26:00.000",
      "level" : "wake",
      "seconds" : 540
    },{
      "dateTime" : "2021-01-08T07:35:00.000",
      "level" : "light",
      "seconds" : 1530
    }],
    "shortData" : [{
      "dateTime" : "2021-01-08T03:13:00.000",
      "level" : "wake",
      "seconds" : 30
    },{
      "dateTime" : "2021-01-08T03:20:00.000",
      "level" : "wake",
      "seconds" : 30
    },{
      "dateTime" : "2021-01-08T04:04:00.000",
      "level" : "wake",
      "seconds" : 30
    },{
      "dateTime" : "2021-01-08T05:12:30.000",
      "level" : "wake",
      "seconds" : 30
    },{
      "dateTime" : "2021-01-08T05:46:30.000",
      "level" : "wake",
      "seconds" : 30
    },{
      "dateTime" : "2021-01-08T06:07:30.000",
      "level" : "wake",
      "seconds" : 30
    },{
      "dateTime" : "2021-01-08T06:09:30.000",
      "level" : "wake",
      "seconds" : 60
    },{
      "dateTime" : "2021-01-08T06:19:00.000",
      "level" : "wake",
      "seconds" : 30
    },{
      "dateTime" : "2021-01-08T06:24:00.000",
      "level" : "wake",
      "seconds" : 60
    },{
      "dateTime" : "2021-01-08T06:37:00.000",
      "level" : "wake",
      "seconds" : 60
    },{
      "dateTime" : "2021-01-08T06:51:00.000",
      "level" : "wake",
      "seconds" : 30
    },{
      "dateTime" : "2021-01-08T07:01:30.000",
      "level" : "wake",
      "seconds" : 30
    },{
      "dateTime" : "2021-01-08T07:19:00.000",
      "level" : "wake",
      "seconds" : 120
    },{
      "dateTime" : "2021-01-08T07:44:00.000",
      "level" : "wake",
      "seconds" : 120
    },{
      "dateTime" : "2021-01-08T07:59:30.000",
      "level" : "wake",
      "seconds" : 60
    }]
  },
  "mainSleep" : true
},{
  "logId" : 30383361641,
  "dateOfSleep" : "2021-01-07",
  "startTime" : "2021-01-07T02:13:00.000",
  "endTime" : "2021-01-07T10:36:30.000",
  "duration" : 30180000,
  "minutesToFallAsleep" : 0,
  "minutesAsleep" : 446,
  "minutesAwake" : 57,
  "minutesAfterWakeup" : 0,
  "timeInBed" : 503,
  "efficiency" : 94,
  "type" : "stages",
  "infoCode" : 0,
  "logType" : "auto_detected",
  "levels" : {
    "summary" : {
      "deep" : {
        "count" : 2,
        "minutes" : 57,
        "thirtyDayAvgMinutes" : 46
      },
      "wake" : {
        "count" : 24,
        "minutes" : 57,
        "thirtyDayAvgMinutes" : 39
      },
      "light" : {
        "count" : 24,
        "minutes" : 255,
        "thirtyDayAvgMinutes" : 238
      },
      "rem" : {
        "count" : 8,
        "minutes" : 134,
        "thirtyDayAvgMinutes" : 73
      }
    },
    "data" : [{
      "dateTime" : "2021-01-07T02:13:00.000",
      "level" : "wake",
      "seconds" : 420
    },{
      "dateTime" : "2021-01-07T02:20:00.000",
      "level" : "light",
      "seconds" : 810
    },{
      "dateTime" : "2021-01-07T02:33:30.000",
      "level" : "deep",
      "seconds" : 2550
    },{
      "dateTime" : "2021-01-07T03:16:00.000",
      "level" : "light",
      "seconds" : 1110
    },{
      "dateTime" : "2021-01-07T03:34:30.000",
      "level" : "rem",
      "seconds" : 1440
    },{
      "dateTime" : "2021-01-07T03:58:30.000",
      "level" : "light",
      "seconds" : 2970
    },{
      "dateTime" : "2021-01-07T04:48:00.000",
      "level" : "deep",
      "seconds" : 960
    },{
      "dateTime" : "2021-01-07T05:04:00.000",
      "level" : "light",
      "seconds" : 60
    },{
      "dateTime" : "2021-01-07T05:05:00.000",
      "level" : "rem",
      "seconds" : 1470
    },{
      "dateTime" : "2021-01-07T05:29:30.000",
      "level" : "light",
      "seconds" : 2400
    },{
      "dateTime" : "2021-01-07T06:09:30.000",
      "level" : "wake",
      "seconds" : 390
    },{
      "dateTime" : "2021-01-07T06:16:00.000",
      "level" : "light",
      "seconds" : 2580
    },{
      "dateTime" : "2021-01-07T06:59:00.000",
      "level" : "rem",
      "seconds" : 2310
    },{
      "dateTime" : "2021-01-07T07:37:30.000",
      "level" : "light",
      "seconds" : 3210
    },{
      "dateTime" : "2021-01-07T08:31:00.000",
      "level" : "rem",
      "seconds" : 1770
    },{
      "dateTime" : "2021-01-07T09:00:30.000",
      "level" : "light",
      "seconds" : 2970
    },{
      "dateTime" : "2021-01-07T09:50:00.000",
      "level" : "wake",
      "seconds" : 1080
    },{
      "dateTime" : "2021-01-07T10:08:00.000",
      "level" : "light",
      "seconds" : 120
    },{
      "dateTime" : "2021-01-07T10:10:00.000",
      "level" : "rem",
      "seconds" : 1230
    },{
      "dateTime" : "2021-01-07T10:30:30.000",
      "level" : "wake",
      "seconds" : 360
    }],
    "shortData" : [{
      "dateTime" : "2021-01-07T02:22:00.000",
      "level" : "wake",
      "seconds" : 120
    },{
      "dateTime" : "2021-01-07T02:30:30.000",
      "level" : "wake",
      "seconds" : 30
    },{
      "dateTime" : "2021-01-07T03:25:00.000",
      "level" : "wake",
      "seconds" : 30
    },{
      "dateTime" : "2021-01-07T03:30:30.000",
      "level" : "wake",
      "seconds" : 30
    },{
      "dateTime" : "2021-01-07T03:43:30.000",
      "level" : "wake",
      "seconds" : 30
    },{
      "dateTime" : "2021-01-07T05:02:30.000",
      "level" : "wake",
      "seconds" : 90
    },{
      "dateTime" : "2021-01-07T05:07:00.000",
      "level" : "wake",
      "seconds" : 30
    },{
      "dateTime" : "2021-01-07T06:02:30.000",
      "level" : "wake",
      "seconds" : 90
    },{
      "dateTime" : "2021-01-07T06:47:30.000",
      "level" : "wake",
      "seconds" : 30
    },{
      "dateTime" : "2021-01-07T07:03:30.000",
      "level" : "wake",
      "seconds" : 30
    },{
      "dateTime" : "2021-01-07T07:59:00.000",
      "level" : "wake",
      "seconds" : 90
    },{
      "dateTime" : "2021-01-07T08:11:30.000",
      "level" : "wake",
      "seconds" : 60
    },{
      "dateTime" : "2021-01-07T08:29:30.000",
      "level" : "wake",
      "seconds" : 60
    },{
      "dateTime" : "2021-01-07T08:59:00.000",
      "level" : "wake",
      "seconds" : 90
    },{
      "dateTime" : "2021-01-07T09:20:00.000",
      "level" : "wake",
      "seconds" : 60
    },{
      "dateTime" : "2021-01-07T09:23:00.000",
      "level" : "wake",
      "seconds" : 60
    },{
      "dateTime" : "2021-01-07T09:29:00.000",
      "level" : "wake",
      "seconds" : 120
    },{
      "dateTime" : "2021-01-07T09:33:00.000",
      "level" : "wake",
      "seconds" : 30
    },{
      "dateTime" : "2021-01-07T09:41:00.000",
      "level" : "wake",
      "seconds" : 60
    },{
      "dateTime" : "2021-01-07T09:43:30.000",
      "level" : "wake",
      "seconds" : 30
    }]
  },
  "mainSleep" : true
},{
  "logId" : 30368393653,
  "dateOfSleep" : "2021-01-06",
  "startTime" : "2021-01-06T01:59:30.000",
  "endTime" : "2021-01-06T07:01:00.000",
  "duration" : 18060000,
  "minutesToFallAsleep" : 0,
  "minutesAsleep" : 274,
  "minutesAwake" : 27,
  "minutesAfterWakeup" : 1,
  "timeInBed" : 301,
  "efficiency" : 97,
  "type" : "stages",
  "infoCode" : 0,
  "logType" : "auto_detected",
  "levels" : {
    "summary" : {
      "deep" : {
        "count" : 4,
        "minutes" : 57,
        "thirtyDayAvgMinutes" : 45
      },
      "wake" : {
        "count" : 18,
        "minutes" : 27,
        "thirtyDayAvgMinutes" : 40
      },
      "light" : {
        "count" : 17,
        "minutes" : 170,
        "thirtyDayAvgMinutes" : 247
      },
      "rem" : {
        "count" : 3,
        "minutes" : 47,
        "thirtyDayAvgMinutes" : 76
      }
    },
    "data" : [{
      "dateTime" : "2021-01-06T01:59:30.000",
      "level" : "wake",
      "seconds" : 30
    },{
      "dateTime" : "2021-01-06T02:00:00.000",
      "level" : "light",
      "seconds" : 1680
    },{
      "dateTime" : "2021-01-06T02:28:00.000",
      "level" : "deep",
      "seconds" : 1020
    },{
      "dateTime" : "2021-01-06T02:45:00.000",
      "level" : "wake",
      "seconds" : 300
    },{
      "dateTime" : "2021-01-06T02:50:00.000",
      "level" : "light",
      "seconds" : 600
    },{
      "dateTime" : "2021-01-06T03:00:00.000",
      "level" : "rem",
      "seconds" : 480
    },{
      "dateTime" : "2021-01-06T03:08:00.000",
      "level" : "light",
      "seconds" : 930
    },{
      "dateTime" : "2021-01-06T03:23:30.000",
      "level" : "deep",
      "seconds" : 840
    },{
      "dateTime" : "2021-01-06T03:37:30.000",
      "level" : "light",
      "seconds" : 270
    },{
      "dateTime" : "2021-01-06T03:42:00.000",
      "level" : "deep",
      "seconds" : 1260
    },{
      "dateTime" : "2021-01-06T04:03:00.000",
      "level" : "light",
      "seconds" : 1620
    },{
      "dateTime" : "2021-01-06T04:30:00.000",
      "level" : "deep",
      "seconds" : 360
    },{
      "dateTime" : "2021-01-06T04:36:00.000",
      "level" : "light",
      "seconds" : 3780
    },{
      "dateTime" : "2021-01-06T05:39:00.000",
      "level" : "rem",
      "seconds" : 2370
    },{
      "dateTime" : "2021-01-06T06:18:30.000",
      "level" : "wake",
      "seconds" : 360
    },{
      "dateTime" : "2021-01-06T06:24:30.000",
      "level" : "light",
      "seconds" : 2190
    }],
    "shortData" : [{
      "dateTime" : "2021-01-06T01:59:30.000",
      "level" : "wake",
      "seconds" : 90
    },{
      "dateTime" : "2021-01-06T02:11:00.000",
      "level" : "wake",
      "seconds" : 30
    },{
      "dateTime" : "2021-01-06T03:08:00.000",
      "level" : "wake",
      "seconds" : 60
    },{
      "dateTime" : "2021-01-06T04:02:00.000",
      "level" : "wake",
      "seconds" : 60
    },{
      "dateTime" : "2021-01-06T04:10:00.000",
      "level" : "wake",
      "seconds" : 30
    },{
      "dateTime" : "2021-01-06T04:36:00.000",
      "level" : "wake",
      "seconds" : 30
    },{
      "dateTime" : "2021-01-06T04:54:30.000",
      "level" : "wake",
      "seconds" : 60
    },{
      "dateTime" : "2021-01-06T05:37:00.000",
      "level" : "wake",
      "seconds" : 60
    },{
      "dateTime" : "2021-01-06T05:42:00.000",
      "level" : "wake",
      "seconds" : 30
    },{
      "dateTime" : "2021-01-06T06:29:30.000",
      "level" : "wake",
      "seconds" : 30
    },{
      "dateTime" : "2021-01-06T06:31:30.000",
      "level" : "wake",
      "seconds" : 90
    },{
      "dateTime" : "2021-01-06T06:35:00.000",
      "level" : "wake",
      "seconds" : 60
    },{
      "dateTime" : "2021-01-06T06:44:30.000",
      "level" : "wake",
      "seconds" : 90
    },{
      "dateTime" : "2021-01-06T06:49:30.000",
      "level" : "wake",
      "seconds" : 90
    },{
      "dateTime" : "2021-01-06T06:54:00.000",
      "level" : "wake",
      "seconds" : 60
    },{
      "dateTime" : "2021-01-06T06:59:00.000",
      "level" : "wake",
      "seconds" : 120
    }]
  },
  "mainSleep" : true
},{
  "logId" : 30339728700,
  "dateOfSleep" : "2021-01-04",
  "startTime" : "2021-01-04T01:34:30.000",
  "endTime" : "2021-01-04T07:09:30.000",
  "duration" : 20100000,
  "minutesToFallAsleep" : 0,
  "minutesAsleep" : 303,
  "minutesAwake" : 32,
  "minutesAfterWakeup" : 0,
  "timeInBed" : 335,
  "efficiency" : 97,
  "type" : "stages",
  "infoCode" : 0,
  "logType" : "auto_detected",
  "levels" : {
    "summary" : {
      "deep" : {
        "count" : 3,
        "minutes" : 60,
        "thirtyDayAvgMinutes" : 43
      },
      "wake" : {
        "count" : 18,
        "minutes" : 32,
        "thirtyDayAvgMinutes" : 41
      },
      "light" : {
        "count" : 20,
        "minutes" : 159,
        "thirtyDayAvgMinutes" : 259
      },
      "rem" : {
        "count" : 6,
        "minutes" : 84,
        "thirtyDayAvgMinutes" : 75
      }
    },
    "data" : [{
      "dateTime" : "2021-01-04T01:34:30.000",
      "level" : "wake",
      "seconds" : 240
    },{
      "dateTime" : "2021-01-04T01:38:30.000",
      "level" : "light",
      "seconds" : 900
    },{
      "dateTime" : "2021-01-04T01:53:30.000",
      "level" : "deep",
      "seconds" : 1290
    },{
      "dateTime" : "2021-01-04T02:15:00.000",
      "level" : "light",
      "seconds" : 540
    },{
      "dateTime" : "2021-01-04T02:24:00.000",
      "level" : "deep",
      "seconds" : 1020
    },{
      "dateTime" : "2021-01-04T02:41:00.000",
      "level" : "light",
      "seconds" : 90
    },{
      "dateTime" : "2021-01-04T02:42:30.000",
      "level" : "rem",
      "seconds" : 1620
    },{
      "dateTime" : "2021-01-04T03:09:30.000",
      "level" : "light",
      "seconds" : 1950
    },{
      "dateTime" : "2021-01-04T03:42:00.000",
      "level" : "deep",
      "seconds" : 1440
    },{
      "dateTime" : "2021-01-04T04:06:00.000",
      "level" : "light",
      "seconds" : 600
    },{
      "dateTime" : "2021-01-04T04:16:00.000",
      "level" : "rem",
      "seconds" : 300
    },{
      "dateTime" : "2021-01-04T04:21:00.000",
      "level" : "light",
      "seconds" : 210
    },{
      "dateTime" : "2021-01-04T04:24:30.000",
      "level" : "rem",
      "seconds" : 270
    },{
      "dateTime" : "2021-01-04T04:29:00.000",
      "level" : "light",
      "seconds" : 390
    },{
      "dateTime" : "2021-01-04T04:35:30.000",
      "level" : "rem",
      "seconds" : 1140
    },{
      "dateTime" : "2021-01-04T04:54:30.000",
      "level" : "light",
      "seconds" : 3960
    },{
      "dateTime" : "2021-01-04T06:00:30.000",
      "level" : "wake",
      "seconds" : 750
    },{
      "dateTime" : "2021-01-04T06:13:00.000",
      "level" : "light",
      "seconds" : 420
    },{
      "dateTime" : "2021-01-04T06:20:00.000",
      "level" : "rem",
      "seconds" : 1860
    },{
      "dateTime" : "2021-01-04T06:51:00.000",
      "level" : "light",
      "seconds" : 1110
    }],
    "shortData" : [{
      "dateTime" : "2021-01-04T02:14:30.000",
      "level" : "wake",
      "seconds" : 30
    },{
      "dateTime" : "2021-01-04T02:39:00.000",
      "level" : "wake",
      "seconds" : 120
    },{
      "dateTime" : "2021-01-04T03:09:00.000",
      "level" : "wake",
      "seconds" : 30
    },{
      "dateTime" : "2021-01-04T03:11:00.000",
      "level" : "wake",
      "seconds" : 90
    },{
      "dateTime" : "2021-01-04T03:16:00.000",
      "level" : "wake",
      "seconds" : 60
    },{
      "dateTime" : "2021-01-04T03:28:00.000",
      "level" : "wake",
      "seconds" : 30
    },{
      "dateTime" : "2021-01-04T04:12:30.000",
      "level" : "wake",
      "seconds" : 30
    },{
      "dateTime" : "2021-01-04T04:20:30.000",
      "level" : "wake",
      "seconds" : 30
    },{
      "dateTime" : "2021-01-04T05:25:00.000",
      "level" : "wake",
      "seconds" : 60
    },{
      "dateTime" : "2021-01-04T05:42:30.000",
      "level" : "wake",
      "seconds" : 30
    },{
      "dateTime" : "2021-01-04T05:46:30.000",
      "level" : "wake",
      "seconds" : 90
    },{
      "dateTime" : "2021-01-04T06:15:00.000",
      "level" : "wake",
      "seconds" : 120
    },{
      "dateTime" : "2021-01-04T06:32:30.000",
      "level" : "wake",
      "seconds" : 30
    },{
      "dateTime" : "2021-01-04T06:49:30.000",
      "level" : "wake",
      "seconds" : 90
    },{
      "dateTime" : "2021-01-04T06:54:00.000",
      "level" : "wake",
      "seconds" : 60
    },{
      "dateTime" : "2021-01-04T06:59:30.000",
      "level" : "wake",
      "seconds" : 60
    }]
  },
  "mainSleep" : true
},{
  "logId" : 30327156985,
  "dateOfSleep" : "2021-01-03",
  "startTime" : "2021-01-03T01:32:30.000",
  "endTime" : "2021-01-03T10:08:00.000",
  "duration" : 30900000,
  "minutesToFallAsleep" : 0,
  "minutesAsleep" : 475,
  "minutesAwake" : 40,
  "minutesAfterWakeup" : 9,
  "timeInBed" : 515,
  "efficiency" : 98,
  "type" : "stages",
  "infoCode" : 0,
  "logType" : "auto_detected",
  "levels" : {
    "summary" : {
      "deep" : {
        "count" : 1,
        "minutes" : 57,
        "thirtyDayAvgMinutes" : 40
      },
      "wake" : {
        "count" : 28,
        "minutes" : 40,
        "thirtyDayAvgMinutes" : 41
      },
      "light" : {
        "count" : 28,
        "minutes" : 315,
        "thirtyDayAvgMinutes" : 250
      },
      "rem" : {
        "count" : 8,
        "minutes" : 103,
        "thirtyDayAvgMinutes" : 71
      }
    },
    "data" : [{
      "dateTime" : "2021-01-03T01:32:30.000",
      "level" : "wake",
      "seconds" : 420
    },{
      "dateTime" : "2021-01-03T01:39:30.000",
      "level" : "light",
      "seconds" : 4260
    },{
      "dateTime" : "2021-01-03T02:50:30.000",
      "level" : "rem",
      "seconds" : 900
    },{
      "dateTime" : "2021-01-03T03:05:30.000",
      "level" : "light",
      "seconds" : 660
    },{
      "dateTime" : "2021-01-03T03:16:30.000",
      "level" : "deep",
      "seconds" : 3420
    },{
      "dateTime" : "2021-01-03T04:13:30.000",
      "level" : "rem",
      "seconds" : 1170
    },{
      "dateTime" : "2021-01-03T04:33:00.000",
      "level" : "light",
      "seconds" : 3360
    },{
      "dateTime" : "2021-01-03T05:29:00.000",
      "level" : "rem",
      "seconds" : 1830
    },{
      "dateTime" : "2021-01-03T05:59:30.000",
      "level" : "light",
      "seconds" : 300
    },{
      "dateTime" : "2021-01-03T06:04:30.000",
      "level" : "wake",
      "seconds" : 210
    },{
      "dateTime" : "2021-01-03T06:08:00.000",
      "level" : "light",
      "seconds" : 4500
    },{
      "dateTime" : "2021-01-03T07:23:00.000",
      "level" : "rem",
      "seconds" : 360
    },{
      "dateTime" : "2021-01-03T07:29:00.000",
      "level" : "light",
      "seconds" : 300
    },{
      "dateTime" : "2021-01-03T07:34:00.000",
      "level" : "rem",
      "seconds" : 900
    },{
      "dateTime" : "2021-01-03T07:49:00.000",
      "level" : "light",
      "seconds" : 4380
    },{
      "dateTime" : "2021-01-03T09:02:00.000",
      "level" : "rem",
      "seconds" : 1290
    },{
      "dateTime" : "2021-01-03T09:23:30.000",
      "level" : "light",
      "seconds" : 2130
    },{
      "dateTime" : "2021-01-03T09:59:00.000",
      "level" : "wake",
      "seconds" : 540
    }],
    "shortData" : [{
      "dateTime" : "2021-01-03T01:54:00.000",
      "level" : "wake",
      "seconds" : 90
    },{
      "dateTime" : "2021-01-03T02:04:30.000",
      "level" : "wake",
      "seconds" : 30
    },{
      "dateTime" : "2021-01-03T02:15:00.000",
      "level" : "wake",
      "seconds" : 30
    },{
      "dateTime" : "2021-01-03T02:23:00.000",
      "level" : "wake",
      "seconds" : 60
    },{
      "dateTime" : "2021-01-03T02:47:30.000",
      "level" : "wake",
      "seconds" : 30
    },{
      "dateTime" : "2021-01-03T04:33:00.000",
      "level" : "wake",
      "seconds" : 30
    },{
      "dateTime" : "2021-01-03T05:17:30.000",
      "level" : "wake",
      "seconds" : 30
    },{
      "dateTime" : "2021-01-03T05:43:30.000",
      "level" : "wake",
      "seconds" : 30
    },{
      "dateTime" : "2021-01-03T05:57:00.000",
      "level" : "wake",
      "seconds" : 150
    },{
      "dateTime" : "2021-01-03T06:01:00.000",
      "level" : "wake",
      "seconds" : 60
    },{
      "dateTime" : "2021-01-03T06:19:30.000",
      "level" : "wake",
      "seconds" : 30
    },{
      "dateTime" : "2021-01-03T06:54:00.000",
      "level" : "wake",
      "seconds" : 60
    },{
      "dateTime" : "2021-01-03T07:02:30.000",
      "level" : "wake",
      "seconds" : 30
    },{
      "dateTime" : "2021-01-03T07:28:30.000",
      "level" : "wake",
      "seconds" : 30
    },{
      "dateTime" : "2021-01-03T07:46:30.000",
      "level" : "wake",
      "seconds" : 60
    },{
      "dateTime" : "2021-01-03T07:54:30.000",
      "level" : "wake",
      "seconds" : 30
    },{
      "dateTime" : "2021-01-03T08:29:30.000",
      "level" : "wake",
      "seconds" : 90
    },{
      "dateTime" : "2021-01-03T08:34:00.000",
      "level" : "wake",
      "seconds" : 30
    },{
      "dateTime" : "2021-01-03T08:44:30.000",
      "level" : "wake",
      "seconds" : 60
    },{
      "dateTime" : "2021-01-03T08:49:30.000",
      "level" : "wake",
      "seconds" : 30
    },{
      "dateTime" : "2021-01-03T08:54:00.000",
      "level" : "wake",
      "seconds" : 30
    },{
      "dateTime" : "2021-01-03T08:59:00.000",
      "level" : "wake",
      "seconds" : 90
    },{
      "dateTime" : "2021-01-03T09:24:30.000",
      "level" : "wake",
      "seconds" : 30
    },{
      "dateTime" : "2021-01-03T09:31:00.000",
      "level" : "wake",
      "seconds" : 30
    },{
      "dateTime" : "2021-01-03T09:41:30.000",
      "level" : "wake",
      "seconds" : 60
    }]
  },
  "mainSleep" : true
},{
  "logId" : 30313342627,
  "dateOfSleep" : "2021-01-02",
  "startTime" : "2021-01-02T01:21:30.000",
  "endTime" : "2021-01-02T09:38:30.000",
  "duration" : 29820000,
  "minutesToFallAsleep" : 0,
  "minutesAsleep" : 437,
  "minutesAwake" : 60,
  "minutesAfterWakeup" : 1,
  "timeInBed" : 497,
  "efficiency" : 97,
  "type" : "stages",
  "infoCode" : 0,
  "logType" : "auto_detected",
  "levels" : {
    "summary" : {
      "deep" : {
        "count" : 2,
        "minutes" : 44,
        "thirtyDayAvgMinutes" : 39
      },
      "wake" : {
        "count" : 31,
        "minutes" : 60,
        "thirtyDayAvgMinutes" : 38
      },
      "light" : {
        "count" : 35,
        "minutes" : 317,
        "thirtyDayAvgMinutes" : 236
      },
      "rem" : {
        "count" : 5,
        "minutes" : 76,
        "thirtyDayAvgMinutes" : 70
      }
    },
    "data" : [{
      "dateTime" : "2021-01-02T01:21:30.000",
      "level" : "light",
      "seconds" : 120
    },{
      "dateTime" : "2021-01-02T01:23:30.000",
      "level" : "wake",
      "seconds" : 390
    },{
      "dateTime" : "2021-01-02T01:30:00.000",
      "level" : "light",
      "seconds" : 1410
    },{
      "dateTime" : "2021-01-02T01:53:30.000",
      "level" : "deep",
      "seconds" : 810
    },{
      "dateTime" : "2021-01-02T02:07:00.000",
      "level" : "light",
      "seconds" : 2280
    },{
      "dateTime" : "2021-01-02T02:45:00.000",
      "level" : "rem",
      "seconds" : 2520
    },{
      "dateTime" : "2021-01-02T03:27:00.000",
      "level" : "light",
      "seconds" : 120
    },{
      "dateTime" : "2021-01-02T03:29:00.000",
      "level" : "deep",
      "seconds" : 1830
    },{
      "dateTime" : "2021-01-02T03:59:30.000",
      "level" : "light",
      "seconds" : 2820
    },{
      "dateTime" : "2021-01-02T04:46:30.000",
      "level" : "rem",
      "seconds" : 330
    },{
      "dateTime" : "2021-01-02T04:52:00.000",
      "level" : "light",
      "seconds" : 3810
    },{
      "dateTime" : "2021-01-02T05:55:30.000",
      "level" : "rem",
      "seconds" : 390
    },{
      "dateTime" : "2021-01-02T06:02:00.000",
      "level" : "light",
      "seconds" : 5370
    },{
      "dateTime" : "2021-01-02T07:31:30.000",
      "level" : "rem",
      "seconds" : 510
    },{
      "dateTime" : "2021-01-02T07:40:00.000",
      "level" : "wake",
      "seconds" : 240
    },{
      "dateTime" : "2021-01-02T07:44:00.000",
      "level" : "light",
      "seconds" : 180
    },{
      "dateTime" : "2021-01-02T07:47:00.000",
      "level" : "wake",
      "seconds" : 630
    },{
      "dateTime" : "2021-01-02T07:57:30.000",
      "level" : "light",
      "seconds" : 1560
    },{
      "dateTime" : "2021-01-02T08:23:30.000",
      "level" : "wake",
      "seconds" : 210
    },{
      "dateTime" : "2021-01-02T08:27:00.000",
      "level" : "light",
      "seconds" : 150
    },{
      "dateTime" : "2021-01-02T08:29:30.000",
      "level" : "wake",
      "seconds" : 330
    },{
      "dateTime" : "2021-01-02T08:35:00.000",
      "level" : "light",
      "seconds" : 1830
    },{
      "dateTime" : "2021-01-02T09:05:30.000",
      "level" : "rem",
      "seconds" : 810
    },{
      "dateTime" : "2021-01-02T09:19:00.000",
      "level" : "wake",
      "seconds" : 300
    },{
      "dateTime" : "2021-01-02T09:24:00.000",
      "level" : "light",
      "seconds" : 870
    }],
    "shortData" : [{
      "dateTime" : "2021-01-02T01:40:30.000",
      "level" : "wake",
      "seconds" : 30
    },{
      "dateTime" : "2021-01-02T02:19:30.000",
      "level" : "wake",
      "seconds" : 60
    },{
      "dateTime" : "2021-01-02T02:27:30.000",
      "level" : "wake",
      "seconds" : 90
    },{
      "dateTime" : "2021-01-02T02:31:00.000",
      "level" : "wake",
      "seconds" : 90
    },{
      "dateTime" : "2021-01-02T02:38:30.000",
      "level" : "wake",
      "seconds" : 30
    },{
      "dateTime" : "2021-01-02T04:18:30.000",
      "level" : "wake",
      "seconds" : 30
    },{
      "dateTime" : "2021-01-02T04:36:30.000",
      "level" : "wake",
      "seconds" : 60
    },{
      "dateTime" : "2021-01-02T04:52:00.000",
      "level" : "wake",
      "seconds" : 30
    },{
      "dateTime" : "2021-01-02T05:02:00.000",
      "level" : "wake",
      "seconds" : 60
    },{
      "dateTime" : "2021-01-02T05:06:00.000",
      "level" : "wake",
      "seconds" : 60
    },{
      "dateTime" : "2021-01-02T05:48:00.000",
      "level" : "wake",
      "seconds" : 30
    },{
      "dateTime" : "2021-01-02T05:52:00.000",
      "level" : "wake",
      "seconds" : 60
    },{
      "dateTime" : "2021-01-02T06:02:00.000",
      "level" : "wake",
      "seconds" : 60
    },{
      "dateTime" : "2021-01-02T06:20:30.000",
      "level" : "wake",
      "seconds" : 30
    },{
      "dateTime" : "2021-01-02T06:24:00.000",
      "level" : "wake",
      "seconds" : 90
    },{
      "dateTime" : "2021-01-02T06:40:30.000",
      "level" : "wake",
      "seconds" : 30
    },{
      "dateTime" : "2021-01-02T07:15:30.000",
      "level" : "wake",
      "seconds" : 150
    },{
      "dateTime" : "2021-01-02T07:19:30.000",
      "level" : "wake",
      "seconds" : 30
    },{
      "dateTime" : "2021-01-02T07:22:30.000",
      "level" : "wake",
      "seconds" : 30
    },{
      "dateTime" : "2021-01-02T08:07:00.000",
      "level" : "wake",
      "seconds" : 60
    },{
      "dateTime" : "2021-01-02T08:14:00.000",
      "level" : "wake",
      "seconds" : 60
    },{
      "dateTime" : "2021-01-02T08:46:00.000",
      "level" : "wake",
      "seconds" : 120
    },{
      "dateTime" : "2021-01-02T08:52:00.000",
      "level" : "wake",
      "seconds" : 30
    },{
      "dateTime" : "2021-01-02T08:59:00.000",
      "level" : "wake",
      "seconds" : 120
    },{
      "dateTime" : "2021-01-02T09:29:30.000",
      "level" : "wake",
      "seconds" : 90
    }]
  },
  "mainSleep" : true
},{
  "logId" : 30303799630,
  "dateOfSleep" : "2021-01-01",
  "startTime" : "2021-01-01T14:58:00.000",
  "endTime" : "2021-01-01T17:34:30.000",
  "duration" : 9360000,
  "minutesToFallAsleep" : 0,
  "minutesAsleep" : 138,
  "minutesAwake" : 18,
  "minutesAfterWakeup" : 0,
  "timeInBed" : 156,
  "efficiency" : 88,
  "type" : "classic",
  "infoCode" : 2,
  "logType" : "auto_detected",
  "levels" : {
    "summary" : {
      "restless" : {
        "count" : 8,
        "minutes" : 13
      },
      "awake" : {
        "count" : 1,
        "minutes" : 5
      },
      "asleep" : {
        "count" : 0,
        "minutes" : 138
      }
    },
    "data" : [{
      "dateTime" : "2021-01-01T14:58:00.000",
      "level" : "restless",
      "seconds" : 180
    },{
      "dateTime" : "2021-01-01T15:01:00.000",
      "level" : "awake",
      "seconds" : 300
    },{
      "dateTime" : "2021-01-01T15:06:00.000",
      "level" : "restless",
      "seconds" : 60
    },{
      "dateTime" : "2021-01-01T15:07:00.000",
      "level" : "asleep",
      "seconds" : 1920
    },{
      "dateTime" : "2021-01-01T15:39:00.000",
      "level" : "restless",
      "seconds" : 60
    },{
      "dateTime" : "2021-01-01T15:40:00.000",
      "level" : "asleep",
      "seconds" : 2940
    },{
      "dateTime" : "2021-01-01T16:29:00.000",
      "level" : "restless",
      "seconds" : 120
    },{
      "dateTime" : "2021-01-01T16:31:00.000",
      "level" : "asleep",
      "seconds" : 120
    },{
      "dateTime" : "2021-01-01T16:33:00.000",
      "level" : "restless",
      "seconds" : 60
    },{
      "dateTime" : "2021-01-01T16:34:00.000",
      "level" : "asleep",
      "seconds" : 1320
    },{
      "dateTime" : "2021-01-01T16:56:00.000",
      "level" : "restless",
      "seconds" : 60
    },{
      "dateTime" : "2021-01-01T16:57:00.000",
      "level" : "asleep",
      "seconds" : 1020
    },{
      "dateTime" : "2021-01-01T17:14:00.000",
      "level" : "restless",
      "seconds" : 120
    },{
      "dateTime" : "2021-01-01T17:16:00.000",
      "level" : "asleep",
      "seconds" : 60
    },{
      "dateTime" : "2021-01-01T17:17:00.000",
      "level" : "restless",
      "seconds" : 120
    },{
      "dateTime" : "2021-01-01T17:19:00.000",
      "level" : "asleep",
      "seconds" : 900
    }]
  },
  "mainSleep" : false
},{
  "logId" : 30300812704,
  "dateOfSleep" : "2021-01-01",
  "startTime" : "2021-01-01T04:14:30.000",
  "endTime" : "2021-01-01T10:01:00.000",
  "duration" : 20760000,
  "minutesToFallAsleep" : 0,
  "minutesAsleep" : 307,
  "minutesAwake" : 39,
  "minutesAfterWakeup" : 1,
  "timeInBed" : 346,
  "efficiency" : 96,
  "type" : "stages",
  "infoCode" : 0,
  "logType" : "auto_detected",
  "levels" : {
    "summary" : {
      "deep" : {
        "count" : 1,
        "minutes" : 26,
        "thirtyDayAvgMinutes" : 43
      },
      "wake" : {
        "count" : 13,
        "minutes" : 39,
        "thirtyDayAvgMinutes" : 37
      },
      "light" : {
        "count" : 14,
        "minutes" : 204,
        "thirtyDayAvgMinutes" : 244
      },
      "rem" : {
        "count" : 4,
        "minutes" : 77,
        "thirtyDayAvgMinutes" : 68
      }
    },
    "data" : [{
      "dateTime" : "2021-01-01T04:14:30.000",
      "level" : "wake",
      "seconds" : 690
    },{
      "dateTime" : "2021-01-01T04:26:00.000",
      "level" : "light",
      "seconds" : 3660
    },{
      "dateTime" : "2021-01-01T05:27:00.000",
      "level" : "rem",
      "seconds" : 1080
    },{
      "dateTime" : "2021-01-01T05:45:00.000",
      "level" : "light",
      "seconds" : 1740
    },{
      "dateTime" : "2021-01-01T06:14:00.000",
      "level" : "wake",
      "seconds" : 330
    },{
      "dateTime" : "2021-01-01T06:19:30.000",
      "level" : "light",
      "seconds" : 540
    },{
      "dateTime" : "2021-01-01T06:28:30.000",
      "level" : "deep",
      "seconds" : 1620
    },{
      "dateTime" : "2021-01-01T06:55:30.000",
      "level" : "light",
      "seconds" : 360
    },{
      "dateTime" : "2021-01-01T07:01:30.000",
      "level" : "rem",
      "seconds" : 1950
    },{
      "dateTime" : "2021-01-01T07:34:00.000",
      "level" : "light",
      "seconds" : 3420
    },{
      "dateTime" : "2021-01-01T08:31:00.000",
      "level" : "rem",
      "seconds" : 300
    },{
      "dateTime" : "2021-01-01T08:36:00.000",
      "level" : "light",
      "seconds" : 810
    },{
      "dateTime" : "2021-01-01T08:49:30.000",
      "level" : "rem",
      "seconds" : 1320
    },{
      "dateTime" : "2021-01-01T09:11:30.000",
      "level" : "light",
      "seconds" : 2250
    },{
      "dateTime" : "2021-01-01T09:49:00.000",
      "level" : "wake",
      "seconds" : 720
    }],
    "shortData" : [{
      "dateTime" : "2021-01-01T04:54:30.000",
      "level" : "wake",
      "seconds" : 60
    },{
      "dateTime" : "2021-01-01T05:08:00.000",
      "level" : "wake",
      "seconds" : 120
    },{
      "dateTime" : "2021-01-01T05:23:00.000",
      "level" : "wake",
      "seconds" : 30
    },{
      "dateTime" : "2021-01-01T05:45:00.000",
      "level" : "wake",
      "seconds" : 60
    },{
      "dateTime" : "2021-01-01T06:09:30.000",
      "level" : "wake",
      "seconds" : 30
    },{
      "dateTime" : "2021-01-01T06:54:30.000",
      "level" : "wake",
      "seconds" : 60
    },{
      "dateTime" : "2021-01-01T08:02:00.000",
      "level" : "wake",
      "seconds" : 60
    },{
      "dateTime" : "2021-01-01T08:24:30.000",
      "level" : "wake",
      "seconds" : 90
    },{
      "dateTime" : "2021-01-01T08:36:00.000",
      "level" : "wake",
      "seconds" : 60
    },{
      "dateTime" : "2021-01-01T09:32:00.000",
      "level" : "wake",
      "seconds" : 30
    }]
  },
  "mainSleep" : true
},{
  "logId" : 30285300492,
  "dateOfSleep" : "2020-12-31",
  "startTime" : "2020-12-31T02:15:00.000",
  "endTime" : "2020-12-31T06:18:30.000",
  "duration" : 14580000,
  "minutesToFallAsleep" : 0,
  "minutesAsleep" : 224,
  "minutesAwake" : 19,
  "minutesAfterWakeup" : 0,
  "timeInBed" : 243,
  "efficiency" : 99,
  "type" : "stages",
  "infoCode" : 0,
  "logType" : "auto_detected",
  "levels" : {
    "summary" : {
      "deep" : {
        "count" : 3,
        "minutes" : 26,
        "thirtyDayAvgMinutes" : 48
      },
      "wake" : {
        "count" : 16,
        "minutes" : 19,
        "thirtyDayAvgMinutes" : 43
      },
      "light" : {
        "count" : 13,
        "minutes" : 137,
        "thirtyDayAvgMinutes" : 280
      },
      "rem" : {
        "count" : 8,
        "minutes" : 61,
        "thirtyDayAvgMinutes" : 70
      }
    },
    "data" : [{
      "dateTime" : "2020-12-31T02:15:00.000",
      "level" : "wake",
      "seconds" : 240
    },{
      "dateTime" : "2020-12-31T02:19:00.000",
      "level" : "light",
      "seconds" : 1020
    },{
      "dateTime" : "2020-12-31T02:36:00.000",
      "level" : "deep",
      "seconds" : 330
    },{
      "dateTime" : "2020-12-31T02:41:30.000",
      "level" : "light",
      "seconds" : 2220
    },{
      "dateTime" : "2020-12-31T03:18:30.000",
      "level" : "rem",
      "seconds" : 1170
    },{
      "dateTime" : "2020-12-31T03:38:00.000",
      "level" : "light",
      "seconds" : 570
    },{
      "dateTime" : "2020-12-31T03:47:30.000",
      "level" : "deep",
      "seconds" : 450
    },{
      "dateTime" : "2020-12-31T03:55:00.000",
      "level" : "light",
      "seconds" : 1710
    },{
      "dateTime" : "2020-12-31T04:23:30.000",
      "level" : "rem",
      "seconds" : 2430
    },{
      "dateTime" : "2020-12-31T05:04:00.000",
      "level" : "light",
      "seconds" : 2250
    },{
      "dateTime" : "2020-12-31T05:41:30.000",
      "level" : "deep",
      "seconds" : 960
    },{
      "dateTime" : "2020-12-31T05:57:30.000",
      "level" : "light",
      "seconds" : 450
    },{
      "dateTime" : "2020-12-31T06:05:00.000",
      "level" : "rem",
      "seconds" : 270
    },{
      "dateTime" : "2020-12-31T06:09:30.000",
      "level" : "light",
      "seconds" : 540
    }],
    "shortData" : [{
      "dateTime" : "2020-12-31T02:21:00.000",
      "level" : "wake",
      "seconds" : 30
    },{
      "dateTime" : "2020-12-31T02:40:30.000",
      "level" : "wake",
      "seconds" : 60
    },{
      "dateTime" : "2020-12-31T02:46:00.000",
      "level" : "wake",
      "seconds" : 90
    },{
      "dateTime" : "2020-12-31T02:53:00.000",
      "level" : "wake",
      "seconds" : 30
    },{
      "dateTime" : "2020-12-31T03:09:00.000",
      "level" : "wake",
      "seconds" : 60
    },{
      "dateTime" : "2020-12-31T03:27:30.000",
      "level" : "wake",
      "seconds" : 30
    },{
      "dateTime" : "2020-12-31T03:55:00.000",
      "level" : "wake",
      "seconds" : 90
    },{
      "dateTime" : "2020-12-31T04:17:30.000",
      "level" : "wake",
      "seconds" : 60
    },{
      "dateTime" : "2020-12-31T04:30:00.000",
      "level" : "wake",
      "seconds" : 30
    },{
      "dateTime" : "2020-12-31T04:37:00.000",
      "level" : "wake",
      "seconds" : 30
    },{
      "dateTime" : "2020-12-31T04:50:30.000",
      "level" : "wake",
      "seconds" : 30
    },{
      "dateTime" : "2020-12-31T05:01:30.000",
      "level" : "wake",
      "seconds" : 60
    },{
      "dateTime" : "2020-12-31T05:31:00.000",
      "level" : "wake",
      "seconds" : 30
    },{
      "dateTime" : "2020-12-31T05:55:30.000",
      "level" : "wake",
      "seconds" : 120
    },{
      "dateTime" : "2020-12-31T06:09:30.000",
      "level" : "wake",
      "seconds" : 150
    }]
  },
  "mainSleep" : true
},{
  "logId" : 30273178051,
  "dateOfSleep" : "2020-12-30",
  "startTime" : "2020-12-30T01:17:30.000",
  "endTime" : "2020-12-30T12:31:30.000",
  "duration" : 40440000,
  "minutesToFallAsleep" : 0,
  "minutesAsleep" : 610,
  "minutesAwake" : 64,
  "minutesAfterWakeup" : 9,
  "timeInBed" : 674,
  "efficiency" : 97,
  "type" : "stages",
  "infoCode" : 0,
  "logType" : "auto_detected",
  "levels" : {
    "summary" : {
      "deep" : {
        "count" : 4,
        "minutes" : 83,
        "thirtyDayAvgMinutes" : 31
      },
      "wake" : {
        "count" : 32,
        "minutes" : 64,
        "thirtyDayAvgMinutes" : 33
      },
      "light" : {
        "count" : 30,
        "minutes" : 427,
        "thirtyDayAvgMinutes" : 207
      },
      "rem" : {
        "count" : 7,
        "minutes" : 100,
        "thirtyDayAvgMinutes" : 55
      }
    },
    "data" : [{
      "dateTime" : "2020-12-30T01:17:30.000",
      "level" : "light",
      "seconds" : 4260
    },{
      "dateTime" : "2020-12-30T02:28:30.000",
      "level" : "deep",
      "seconds" : 810
    },{
      "dateTime" : "2020-12-30T02:42:00.000",
      "level" : "light",
      "seconds" : 420
    },{
      "dateTime" : "2020-12-30T02:49:00.000",
      "level" : "deep",
      "seconds" : 2250
    },{
      "dateTime" : "2020-12-30T03:26:30.000",
      "level" : "rem",
      "seconds" : 1710
    },{
      "dateTime" : "2020-12-30T03:55:00.000",
      "level" : "light",
      "seconds" : 4380
    },{
      "dateTime" : "2020-12-30T05:08:00.000",
      "level" : "rem",
      "seconds" : 990
    },{
      "dateTime" : "2020-12-30T05:24:30.000",
      "level" : "deep",
      "seconds" : 690
    },{
      "dateTime" : "2020-12-30T05:36:00.000",
      "level" : "light",
      "seconds" : 4650
    },{
      "dateTime" : "2020-12-30T06:53:30.000",
      "level" : "deep",
      "seconds" : 1320
    },{
      "dateTime" : "2020-12-30T07:15:30.000",
      "level" : "light",
      "seconds" : 2010
    },{
      "dateTime" : "2020-12-30T07:49:00.000",
      "level" : "wake",
      "seconds" : 300
    },{
      "dateTime" : "2020-12-30T07:54:00.000",
      "level" : "light",
      "seconds" : 3540
    },{
      "dateTime" : "2020-12-30T08:53:00.000",
      "level" : "rem",
      "seconds" : 1080
    },{
      "dateTime" : "2020-12-30T09:11:00.000",
      "level" : "light",
      "seconds" : 450
    },{
      "dateTime" : "2020-12-30T09:18:30.000",
      "level" : "rem",
      "seconds" : 270
    },{
      "dateTime" : "2020-12-30T09:23:00.000",
      "level" : "light",
      "seconds" : 2190
    },{
      "dateTime" : "2020-12-30T09:59:30.000",
      "level" : "wake",
      "seconds" : 870
    },{
      "dateTime" : "2020-12-30T10:14:00.000",
      "level" : "light",
      "seconds" : 1770
    },{
      "dateTime" : "2020-12-30T10:43:30.000",
      "level" : "wake",
      "seconds" : 390
    },{
      "dateTime" : "2020-12-30T10:50:00.000",
      "level" : "light",
      "seconds" : 1830
    },{
      "dateTime" : "2020-12-30T11:20:30.000",
      "level" : "rem",
      "seconds" : 2130
    },{
      "dateTime" : "2020-12-30T11:56:00.000",
      "level" : "light",
      "seconds" : 1560
    },{
      "dateTime" : "2020-12-30T12:22:00.000",
      "level" : "wake",
      "seconds" : 570
    }],
    "shortData" : [{
      "dateTime" : "2020-12-30T02:05:00.000",
      "level" : "wake",
      "seconds" : 60
    },{
      "dateTime" : "2020-12-30T02:09:00.000",
      "level" : "wake",
      "seconds" : 60
    },{
      "dateTime" : "2020-12-30T02:40:30.000",
      "level" : "wake",
      "seconds" : 90
    },{
      "dateTime" : "2020-12-30T03:27:00.000",
      "level" : "wake",
      "seconds" : 30
    },{
      "dateTime" : "2020-12-30T03:55:00.000",
      "level" : "wake",
      "seconds" : 30
    },{
      "dateTime" : "2020-12-30T04:44:30.000",
      "level" : "wake",
      "seconds" : 30
    },{
      "dateTime" : "2020-12-30T05:00:30.000",
      "level" : "wake",
      "seconds" : 30
    },{
      "dateTime" : "2020-12-30T05:36:00.000",
      "level" : "wake",
      "seconds" : 150
    },{
      "dateTime" : "2020-12-30T06:10:00.000",
      "level" : "wake",
      "seconds" : 150
    },{
      "dateTime" : "2020-12-30T06:27:00.000",
      "level" : "wake",
      "seconds" : 60
    },{
      "dateTime" : "2020-12-30T06:35:30.000",
      "level" : "wake",
      "seconds" : 60
    },{
      "dateTime" : "2020-12-30T06:38:30.000",
      "level" : "wake",
      "seconds" : 30
    },{
      "dateTime" : "2020-12-30T07:15:30.000",
      "level" : "wake",
      "seconds" : 30
    },{
      "dateTime" : "2020-12-30T07:44:30.000",
      "level" : "wake",
      "seconds" : 30
    },{
      "dateTime" : "2020-12-30T08:05:00.000",
      "level" : "wake",
      "seconds" : 60
    },{
      "dateTime" : "2020-12-30T08:07:30.000",
      "level" : "wake",
      "seconds" : 150
    },{
      "dateTime" : "2020-12-30T08:18:00.000",
      "level" : "wake",
      "seconds" : 150
    },{
      "dateTime" : "2020-12-30T08:37:00.000",
      "level" : "wake",
      "seconds" : 30
    },{
      "dateTime" : "2020-12-30T08:41:00.000",
      "level" : "wake",
      "seconds" : 30
    },{
      "dateTime" : "2020-12-30T09:00:00.000",
      "level" : "wake",
      "seconds" : 30
    },{
      "dateTime" : "2020-12-30T09:10:00.000",
      "level" : "wake",
      "seconds" : 60
    },{
      "dateTime" : "2020-12-30T09:23:00.000",
      "level" : "wake",
      "seconds" : 30
    },{
      "dateTime" : "2020-12-30T09:28:30.000",
      "level" : "wake",
      "seconds" : 90
    },{
      "dateTime" : "2020-12-30T10:36:00.000",
      "level" : "wake",
      "seconds" : 60
    },{
      "dateTime" : "2020-12-30T10:40:30.000",
      "level" : "wake",
      "seconds" : 30
    },{
      "dateTime" : "2020-12-30T11:05:00.000",
      "level" : "wake",
      "seconds" : 30
    },{
      "dateTime" : "2020-12-30T11:55:00.000",
      "level" : "wake",
      "seconds" : 60
    },{
      "dateTime" : "2020-12-30T12:03:30.000",
      "level" : "wake",
      "seconds" : 60
    }]
  },
  "mainSleep" : true
},{
  "logId" : 30259938474,
  "dateOfSleep" : "2020-12-29",
  "startTime" : "2020-12-29T12:40:00.000",
  "endTime" : "2020-12-29T13:50:30.000",
  "duration" : 4200000,
  "minutesToFallAsleep" : 0,
  "minutesAsleep" : 69,
  "minutesAwake" : 1,
  "minutesAfterWakeup" : 0,
  "timeInBed" : 70,
  "efficiency" : 99,
  "type" : "classic",
  "infoCode" : 2,
  "logType" : "auto_detected",
  "levels" : {
    "summary" : {
      "restless" : {
        "count" : 1,
        "minutes" : 1
      },
      "awake" : {
        "count" : 0,
        "minutes" : 0
      },
      "asleep" : {
        "count" : 0,
        "minutes" : 69
      }
    },
    "data" : [{
      "dateTime" : "2020-12-29T12:40:00.000",
      "level" : "restless",
      "seconds" : 60
    },{
      "dateTime" : "2020-12-29T12:41:00.000",
      "level" : "asleep",
      "seconds" : 4140
    }]
  },
  "mainSleep" : false
},{
  "logId" : 30255997627,
  "dateOfSleep" : "2020-12-29",
  "startTime" : "2020-12-29T01:14:30.000",
  "endTime" : "2020-12-29T06:50:30.000",
  "duration" : 20160000,
  "minutesToFallAsleep" : 0,
  "minutesAsleep" : 294,
  "minutesAwake" : 42,
  "minutesAfterWakeup" : 0,
  "timeInBed" : 336,
  "efficiency" : 95,
  "type" : "stages",
  "infoCode" : 0,
  "logType" : "auto_detected",
  "levels" : {
    "summary" : {
      "deep" : {
        "count" : 2,
        "minutes" : 13,
        "thirtyDayAvgMinutes" : 49
      },
      "wake" : {
        "count" : 15,
        "minutes" : 42,
        "thirtyDayAvgMinutes" : 24
      },
      "light" : {
        "count" : 17,
        "minutes" : 224,
        "thirtyDayAvgMinutes" : 189
      },
      "rem" : {
        "count" : 5,
        "minutes" : 57,
        "thirtyDayAvgMinutes" : 53
      }
    },
    "data" : [{
      "dateTime" : "2020-12-29T01:14:30.000",
      "level" : "wake",
      "seconds" : 480
    },{
      "dateTime" : "2020-12-29T01:22:30.000",
      "level" : "light",
      "seconds" : 6480
    },{
      "dateTime" : "2020-12-29T03:10:30.000",
      "level" : "rem",
      "seconds" : 300
    },{
      "dateTime" : "2020-12-29T03:15:30.000",
      "level" : "deep",
      "seconds" : 390
    },{
      "dateTime" : "2020-12-29T03:22:00.000",
      "level" : "light",
      "seconds" : 2550
    },{
      "dateTime" : "2020-12-29T04:04:30.000",
      "level" : "rem",
      "seconds" : 300
    },{
      "dateTime" : "2020-12-29T04:09:30.000",
      "level" : "wake",
      "seconds" : 360
    },{
      "dateTime" : "2020-12-29T04:15:30.000",
      "level" : "light",
      "seconds" : 3750
    },{
      "dateTime" : "2020-12-29T05:18:00.000",
      "level" : "rem",
      "seconds" : 1560
    },{
      "dateTime" : "2020-12-29T05:44:00.000",
      "level" : "light",
      "seconds" : 120
    },{
      "dateTime" : "2020-12-29T05:46:00.000",
      "level" : "deep",
      "seconds" : 390
    },{
      "dateTime" : "2020-12-29T05:52:30.000",
      "level" : "rem",
      "seconds" : 990
    },{
      "dateTime" : "2020-12-29T06:09:00.000",
      "level" : "light",
      "seconds" : 1230
    },{
      "dateTime" : "2020-12-29T06:29:30.000",
      "level" : "rem",
      "seconds" : 270
    },{
      "dateTime" : "2020-12-29T06:34:00.000",
      "level" : "wake",
      "seconds" : 930
    },{
      "dateTime" : "2020-12-29T06:49:30.000",
      "level" : "light",
      "seconds" : 60
    }],
    "shortData" : [{
      "dateTime" : "2020-12-29T01:43:00.000",
      "level" : "wake",
      "seconds" : 60
    },{
      "dateTime" : "2020-12-29T01:59:00.000",
      "level" : "wake",
      "seconds" : 30
    },{
      "dateTime" : "2020-12-29T02:04:30.000",
      "level" : "wake",
      "seconds" : 30
    },{
      "dateTime" : "2020-12-29T02:16:00.000",
      "level" : "wake",
      "seconds" : 90
    },{
      "dateTime" : "2020-12-29T02:24:30.000",
      "level" : "wake",
      "seconds" : 30
    },{
      "dateTime" : "2020-12-29T02:46:30.000",
      "level" : "wake",
      "seconds" : 60
    },{
      "dateTime" : "2020-12-29T03:22:00.000",
      "level" : "wake",
      "seconds" : 60
    },{
      "dateTime" : "2020-12-29T03:49:00.000",
      "level" : "wake",
      "seconds" : 90
    },{
      "dateTime" : "2020-12-29T04:25:00.000",
      "level" : "wake",
      "seconds" : 90
    },{
      "dateTime" : "2020-12-29T06:09:30.000",
      "level" : "wake",
      "seconds" : 120
    },{
      "dateTime" : "2020-12-29T06:18:00.000",
      "level" : "wake",
      "seconds" : 60
    },{
      "dateTime" : "2020-12-29T06:22:30.000",
      "level" : "wake",
      "seconds" : 30
    }]
  },
  "mainSleep" : true
},{
  "logId" : 30247316191,
  "dateOfSleep" : "2020-12-28",
  "startTime" : "2020-12-28T15:33:30.000",
  "endTime" : "2020-12-28T16:35:30.000",
  "duration" : 3720000,
  "minutesToFallAsleep" : 0,
  "minutesAsleep" : 55,
  "minutesAwake" : 7,
  "minutesAfterWakeup" : 0,
  "timeInBed" : 62,
  "efficiency" : 89,
  "type" : "classic",
  "infoCode" : 2,
  "logType" : "auto_detected",
  "levels" : {
    "summary" : {
      "restless" : {
        "count" : 3,
        "minutes" : 6
      },
      "awake" : {
        "count" : 1,
        "minutes" : 1
      },
      "asleep" : {
        "count" : 0,
        "minutes" : 55
      }
    },
    "data" : [{
      "dateTime" : "2020-12-28T15:33:30.000",
      "level" : "asleep",
      "seconds" : 2940
    },{
      "dateTime" : "2020-12-28T16:22:30.000",
      "level" : "restless",
      "seconds" : 180
    },{
      "dateTime" : "2020-12-28T16:25:30.000",
      "level" : "asleep",
      "seconds" : 120
    },{
      "dateTime" : "2020-12-28T16:27:30.000",
      "level" : "restless",
      "seconds" : 60
    },{
      "dateTime" : "2020-12-28T16:28:30.000",
      "level" : "awake",
      "seconds" : 60
    },{
      "dateTime" : "2020-12-28T16:29:30.000",
      "level" : "restless",
      "seconds" : 120
    },{
      "dateTime" : "2020-12-28T16:31:30.000",
      "level" : "asleep",
      "seconds" : 240
    }]
  },
  "mainSleep" : false
},{
  "logId" : 30242606287,
  "dateOfSleep" : "2020-12-28",
  "startTime" : "2020-12-28T01:42:00.000",
  "endTime" : "2020-12-28T06:57:30.000",
  "duration" : 18900000,
  "minutesToFallAsleep" : 0,
  "minutesAsleep" : 291,
  "minutesAwake" : 24,
  "minutesAfterWakeup" : 0,
  "timeInBed" : 315,
  "efficiency" : 98,
  "type" : "stages",
  "infoCode" : 0,
  "logType" : "auto_detected",
  "levels" : {
    "summary" : {
      "deep" : {
        "count" : 4,
        "minutes" : 49,
        "thirtyDayAvgMinutes" : 0
      },
      "wake" : {
        "count" : 17,
        "minutes" : 24,
        "thirtyDayAvgMinutes" : 0
      },
      "light" : {
        "count" : 18,
        "minutes" : 189,
        "thirtyDayAvgMinutes" : 0
      },
      "rem" : {
        "count" : 6,
        "minutes" : 53,
        "thirtyDayAvgMinutes" : 0
      }
    },
    "data" : [{
      "dateTime" : "2020-12-28T01:42:00.000",
      "level" : "wake",
      "seconds" : 30
    },{
      "dateTime" : "2020-12-28T01:42:30.000",
      "level" : "light",
      "seconds" : 1200
    },{
      "dateTime" : "2020-12-28T02:02:30.000",
      "level" : "deep",
      "seconds" : 1410
    },{
      "dateTime" : "2020-12-28T02:26:00.000",
      "level" : "light",
      "seconds" : 1260
    },{
      "dateTime" : "2020-12-28T02:47:00.000",
      "level" : "rem",
      "seconds" : 270
    },{
      "dateTime" : "2020-12-28T02:51:30.000",
      "level" : "deep",
      "seconds" : 960
    },{
      "dateTime" : "2020-12-28T03:07:30.000",
      "level" : "light",
      "seconds" : 2460
    },{
      "dateTime" : "2020-12-28T03:48:30.000",
      "level" : "deep",
      "seconds" : 360
    },{
      "dateTime" : "2020-12-28T03:54:30.000",
      "level" : "light",
      "seconds" : 180
    },{
      "dateTime" : "2020-12-28T03:57:30.000",
      "level" : "rem",
      "seconds" : 510
    },{
      "dateTime" : "2020-12-28T04:06:00.000",
      "level" : "wake",
      "seconds" : 300
    },{
      "dateTime" : "2020-12-28T04:11:00.000",
      "level" : "light",
      "seconds" : 1110
    },{
      "dateTime" : "2020-12-28T04:29:30.000",
      "level" : "rem",
      "seconds" : 270
    },{
      "dateTime" : "2020-12-28T04:34:00.000",
      "level" : "light",
      "seconds" : 540
    },{
      "dateTime" : "2020-12-28T04:43:00.000",
      "level" : "deep",
      "seconds" : 360
    },{
      "dateTime" : "2020-12-28T04:49:00.000",
      "level" : "light",
      "seconds" : 480
    },{
      "dateTime" : "2020-12-28T04:57:00.000",
      "level" : "rem",
      "seconds" : 1890
    },{
      "dateTime" : "2020-12-28T05:28:30.000",
      "level" : "light",
      "seconds" : 4050
    },{
      "dateTime" : "2020-12-28T06:36:00.000",
      "level" : "rem",
      "seconds" : 570
    },{
      "dateTime" : "2020-12-28T06:45:30.000",
      "level" : "light",
      "seconds" : 150
    },{
      "dateTime" : "2020-12-28T06:48:00.000",
      "level" : "wake",
      "seconds" : 210
    },{
      "dateTime" : "2020-12-28T06:51:30.000",
      "level" : "light",
      "seconds" : 360
    }],
    "shortData" : [{
      "dateTime" : "2020-12-28T01:42:00.000",
      "level" : "wake",
      "seconds" : 150
    },{
      "dateTime" : "2020-12-28T01:53:00.000",
      "level" : "wake",
      "seconds" : 60
    },{
      "dateTime" : "2020-12-28T02:25:30.000",
      "level" : "wake",
      "seconds" : 30
    },{
      "dateTime" : "2020-12-28T02:32:30.000",
      "level" : "wake",
      "seconds" : 30
    },{
      "dateTime" : "2020-12-28T02:38:30.000",
      "level" : "wake",
      "seconds" : 30
    },{
      "dateTime" : "2020-12-28T03:06:00.000",
      "level" : "wake",
      "seconds" : 90
    },{
      "dateTime" : "2020-12-28T03:15:00.000",
      "level" : "wake",
      "seconds" : 30
    },{
      "dateTime" : "2020-12-28T03:29:30.000",
      "level" : "wake",
      "seconds" : 30
    },{
      "dateTime" : "2020-12-28T03:57:30.000",
      "level" : "wake",
      "seconds" : 90
    },{
      "dateTime" : "2020-12-28T04:22:00.000",
      "level" : "wake",
      "seconds" : 30
    },{
      "dateTime" : "2020-12-28T04:51:00.000",
      "level" : "wake",
      "seconds" : 60
    },{
      "dateTime" : "2020-12-28T05:20:00.000",
      "level" : "wake",
      "seconds" : 60
    },{
      "dateTime" : "2020-12-28T05:49:30.000",
      "level" : "wake",
      "seconds" : 30
    },{
      "dateTime" : "2020-12-28T06:35:00.000",
      "level" : "wake",
      "seconds" : 60
    },{
      "dateTime" : "2020-12-28T06:42:30.000",
      "level" : "wake",
      "seconds" : 180
    }]
  },
  "mainSleep" : true
}]