[{
  "logId" : 40540394349,
  "dateOfSleep" : "2023-03-12",
  "startTime" : "2023-03-12T03:00:00.000",
  "endTime" : "2023-03-12T09:26:30.000",
  "duration" : 23160000,
  "minutesToFallAsleep" : 0,
  "minutesAsleep" : 339,
  "minutesAwake" : 47,
  "minutesAfterWakeup" : 6,
  "timeInBed" : 386,
  "efficiency" : 98,
  "type" : "stages",
  "infoCode" : 0,
  "logType" : "auto_detected",
  "levels" : {
    "summary" : {
      "deep" : {
        "count" : 4,
        "minutes" : 72,
        "thirtyDayAvgMinutes" : 64
      },
      "wake" : {
        "count" : 21,
        "minutes" : 47,
        "thirtyDayAvgMinutes" : 69
      },
      "light" : {
        "count" : 23,
        "minutes" : 226,
        "thirtyDayAvgMinutes" : 286
      },
      "rem" : {
        "count" : 4,
        "minutes" : 41,
        "thirtyDayAvgMinutes" : 106
      }
    },
    "data" : [{
      "dateTime" : "2023-03-12T03:00:00.000",
      "level" : "wake",
      "seconds" : 30
    },{
      "dateTime" : "2023-03-12T03:00:30.000",
      "level" : "light",
      "seconds" : 180
    },{
      "dateTime" : "2023-03-12T03:03:30.000",
      "level" : "deep",
      "seconds" : 1200
    },{
      "dateTime" : "2023-03-12T03:23:30.000",
      "level" : "light",
      "seconds" : 810
    },{
      "dateTime" : "2023-03-12T03:37:00.000",
      "level" : "wake",
      "seconds" : 360
    },{
      "dateTime" : "2023-03-12T03:43:00.000",
      "level" : "light",
      "seconds" : 1710
    },{
      "dateTime" : "2023-03-12T04:11:30.000",
      "level" : "deep",
      "seconds" : 1380
    },{
      "dateTime" : "2023-03-12T04:34:30.000",
      "level" : "light",
      "seconds" : 210
    },{
      "dateTime" : "2023-03-12T04:38:00.000",
      "level" : "rem",
      "seconds" : 630
    },{
      "dateTime" : "2023-03-12T04:48:30.000",
      "level" : "light",
      "seconds" : 3930
    },{
      "dateTime" : "2023-03-12T05:54:00.000",
      "level" : "rem",
      "seconds" : 660
    },{
      "dateTime" : "2023-03-12T06:05:00.000",
      "level" : "light",
      "seconds" : 3570
    },{
      "dateTime" : "2023-03-12T07:04:30.000",
      "level" : "deep",
      "seconds" : 1200
    },{
      "dateTime" : "2023-03-12T07:24:30.000",
      "level" : "light",
      "seconds" : 480
    },{
      "dateTime" : "2023-03-12T07:32:30.000",
      "level" : "rem",
      "seconds" : 1230
    },{
      "dateTime" : "2023-03-12T07:53:00.000",
      "level" : "light",
      "seconds" : 870
    },{
      "dateTime" : "2023-03-12T08:07:30.000",
      "level" : "wake",
      "seconds" : 330
    },{
      "dateTime" : "2023-03-12T08:13:00.000",
      "level" : "light",
      "seconds" : 120
    },{
      "dateTime" : "2023-03-12T08:15:00.000",
      "level" : "wake",
      "seconds" : 300
    },{
      "dateTime" : "2023-03-12T08:20:00.000",
      "level" : "light",
      "seconds" : 870
    },{
      "dateTime" : "2023-03-12T08:34:30.000",
      "level" : "deep",
      "seconds" : 630
    },{
      "dateTime" : "2023-03-12T08:45:00.000",
      "level" : "light",
      "seconds" : 540
    },{
      "dateTime" : "2023-03-12T08:54:00.000",
      "level" : "wake",
      "seconds" : 420
    },{
      "dateTime" : "2023-03-12T09:01:00.000",
      "level" : "light",
      "seconds" : 1050
    },{
      "dateTime" : "2023-03-12T09:18:30.000",
      "level" : "wake",
      "seconds" : 480
    }],
    "shortData" : [{
      "dateTime" : "2023-03-12T03:00:00.000",
      "level" : "wake",
      "seconds" : 30
    },{
      "dateTime" : "2023-03-12T03:23:00.000",
      "level" : "wake",
      "seconds" : 30
    },{
      "dateTime" : "2023-03-12T03:47:30.000",
      "level" : "wake",
      "seconds" : 60
    },{
      "dateTime" : "2023-03-12T03:55:30.000",
      "level" : "wake",
      "seconds" : 30
    },{
      "dateTime" : "2023-03-12T04:33:30.000",
      "level" : "wake",
      "seconds" : 60
    },{
      "dateTime" : "2023-03-12T04:49:30.000",
      "level" : "wake",
      "seconds" : 60
    },{
      "dateTime" : "2023-03-12T05:06:00.000",
      "level" : "wake",
      "seconds" : 180
    },{
      "dateTime" : "2023-03-12T05:34:30.000",
      "level" : "wake",
      "seconds" : 30
    },{
      "dateTime" : "2023-03-12T06:05:00.000",
      "level" : "wake",
      "seconds" : 150
    },{
      "dateTime" : "2023-03-12T06:27:00.000",
      "level" : "wake",
      "seconds" : 30
    },{
      "dateTime" : "2023-03-12T06:54:30.000",
      "level" : "wake",
      "seconds" : 30
    },{
      "dateTime" : "2023-03-12T07:29:30.000",
      "level" : "wake",
      "seconds" : 30
    },{
      "dateTime" : "2023-03-12T07:39:00.000",
      "level" : "wake",
      "seconds" : 30
    },{
      "dateTime" : "2023-03-12T08:00:00.000",
      "level" : "wake",
      "seconds" : 90
    },{
      "dateTime" : "2023-03-12T08:46:00.000",
      "level" : "wake",
      "seconds" : 30
    },{
      "dateTime" : "2023-03-12T09:10:00.000",
      "level" : "wake",
      "seconds" : 90
    }]
  },
  "mainSleep" : true
},{
  "logId" : 40528997504,
  "dateOfSleep" : "2023-03-11",
  "startTime" : "2023-03-11T00:36:30.000",
  "endTime" : "2023-03-11T10:51:30.000",
  "duration" : 36900000,
  "minutesToFallAsleep" : 0,
  "minutesAsleep" : 541,
  "minutesAwake" : 74,
  "minutesAfterWakeup" : 0,
  "timeInBed" : 615,
  "efficiency" : 94,
  "type" : "stages",
  "infoCode" : 0,
  "logType" : "auto_detected",
  "levels" : {
    "summary" : {
      "deep" : {
        "count" : 3,
        "minutes" : 82,
        "thirtyDayAvgMinutes" : 62
      },
      "wake" : {
        "count" : 30,
        "minutes" : 74,
        "thirtyDayAvgMinutes" : 68
      },
      "light" : {
        "count" : 32,
        "minutes" : 337,
        "thirtyDayAvgMinutes" : 277
      },
      "rem" : {
        "count" : 10,
        "minutes" : 122,
        "thirtyDayAvgMinutes" : 104
      }
    },
    "data" : [{
      "dateTime" : "2023-03-11T00:36:30.000",
      "level" : "wake",
      "seconds" : 510
    },{
      "dateTime" : "2023-03-11T00:45:00.000",
      "level" : "light",
      "seconds" : 2430
    },{
      "dateTime" : "2023-03-11T01:25:30.000",
      "level" : "deep",
      "seconds" : 2460
    },{
      "dateTime" : "2023-03-11T02:06:30.000",
      "level" : "wake",
      "seconds" : 540
    },{
      "dateTime" : "2023-03-11T02:15:30.000",
      "level" : "light",
      "seconds" : 3420
    },{
      "dateTime" : "2023-03-11T03:12:30.000",
      "level" : "rem",
      "seconds" : 1140
    },{
      "dateTime" : "2023-03-11T03:31:30.000",
      "level" : "light",
      "seconds" : 600
    },{
      "dateTime" : "2023-03-11T03:41:30.000",
      "level" : "rem",
      "seconds" : 300
    },{
      "dateTime" : "2023-03-11T03:46:30.000",
      "level" : "light",
      "seconds" : 3330
    },{
      "dateTime" : "2023-03-11T04:42:00.000",
      "level" : "wake",
      "seconds" : 360
    },{
      "dateTime" : "2023-03-11T04:48:00.000",
      "level" : "light",
      "seconds" : 30
    },{
      "dateTime" : "2023-03-11T04:48:30.000",
      "level" : "rem",
      "seconds" : 450
    },{
      "dateTime" : "2023-03-11T04:56:00.000",
      "level" : "light",
      "seconds" : 2010
    },{
      "dateTime" : "2023-03-11T05:29:30.000",
      "level" : "rem",
      "seconds" : 2370
    },{
      "dateTime" : "2023-03-11T06:09:00.000",
      "level" : "light",
      "seconds" : 1470
    },{
      "dateTime" : "2023-03-11T06:33:30.000",
      "level" : "deep",
      "seconds" : 600
    },{
      "dateTime" : "2023-03-11T06:43:30.000",
      "level" : "light",
      "seconds" : 2280
    },{
      "dateTime" : "2023-03-11T07:21:30.000",
      "level" : "rem",
      "seconds" : 270
    },{
      "dateTime" : "2023-03-11T07:26:00.000",
      "level" : "light",
      "seconds" : 150
    },{
      "dateTime" : "2023-03-11T07:28:30.000",
      "level" : "deep",
      "seconds" : 1920
    },{
      "dateTime" : "2023-03-11T08:00:30.000",
      "level" : "light",
      "seconds" : 2460
    },{
      "dateTime" : "2023-03-11T08:41:30.000",
      "level" : "rem",
      "seconds" : 630
    },{
      "dateTime" : "2023-03-11T08:52:00.000",
      "level" : "wake",
      "seconds" : 540
    },{
      "dateTime" : "2023-03-11T09:01:00.000",
      "level" : "light",
      "seconds" : 1770
    },{
      "dateTime" : "2023-03-11T09:30:30.000",
      "level" : "rem",
      "seconds" : 300
    },{
      "dateTime" : "2023-03-11T09:35:30.000",
      "level" : "light",
      "seconds" : 420
    },{
      "dateTime" : "2023-03-11T09:42:30.000",
      "level" : "rem",
      "seconds" : 2100
    },{
      "dateTime" : "2023-03-11T10:17:30.000",
      "level" : "light",
      "seconds" : 690
    },{
      "dateTime" : "2023-03-11T10:29:00.000",
      "level" : "wake",
      "seconds" : 870
    },{
      "dateTime" : "2023-03-11T10:43:30.000",
      "level" : "light",
      "seconds" : 480
    }],
    "shortData" : [{
      "dateTime" : "2023-03-11T01:06:00.000",
      "level" : "wake",
      "seconds" : 180
    },{
      "dateTime" : "2023-03-11T01:10:30.000",
      "level" : "wake",
      "seconds" : 30
    },{
      "dateTime" : "2023-03-11T01:19:00.000",
      "level" : "wake",
      "seconds" : 30
    },{
      "dateTime" : "2023-03-11T02:26:00.000",
      "level" : "wake",
      "seconds" : 30
    },{
      "dateTime" : "2023-03-11T02:30:00.000",
      "level" : "wake",
      "seconds" : 60
    },{
      "dateTime" : "2023-03-11T03:22:30.000",
      "level" : "wake",
      "seconds" : 30
    },{
      "dateTime" : "2023-03-11T03:29:00.000",
      "level" : "wake",
      "seconds" : 150
    },{
      "dateTime" : "2023-03-11T03:34:00.000",
      "level" : "wake",
      "seconds" : 60
    },{
      "dateTime" : "2023-03-11T03:47:00.000",
      "level" : "wake",
      "seconds" : 120
    },{
      "dateTime" : "2023-03-11T03:51:30.000",
      "level" : "wake",
      "seconds" : 30
    },{
      "dateTime" : "2023-03-11T04:56:00.000",
      "level" : "wake",
      "seconds" : 120
    },{
      "dateTime" : "2023-03-11T05:19:30.000",
      "level" : "wake",
      "seconds" : 30
    },{
      "dateTime" : "2023-03-11T06:08:00.000",
      "level" : "wake",
      "seconds" : 60
    },{
      "dateTime" : "2023-03-11T06:45:30.000",
      "level" : "wake",
      "seconds" : 60
    },{
      "dateTime" : "2023-03-11T07:03:30.000",
      "level" : "wake",
      "seconds" : 30
    },{
      "dateTime" : "2023-03-11T07:10:00.000",
      "level" : "wake",
      "seconds" : 60
    },{
      "dateTime" : "2023-03-11T08:00:00.000",
      "level" : "wake",
      "seconds" : 30
    },{
      "dateTime" : "2023-03-11T08:10:00.000",
      "level" : "wake",
      "seconds" : 30
    },{
      "dateTime" : "2023-03-11T08:25:00.000",
      "level" : "wake",
      "seconds" : 30
    },{
      "dateTime" : "2023-03-11T08:34:30.000",
      "level" : "wake",
      "seconds" : 30
    },{
      "dateTime" : "2023-03-11T09:16:30.000",
      "level" : "wake",
      "seconds" : 120
    },{
      "dateTime" : "2023-03-11T09:36:30.000",
      "level" : "wake",
      "seconds" : 150
    },{
      "dateTime" : "2023-03-11T10:03:30.000",
      "level" : "wake",
      "seconds" : 30
    },{
      "dateTime" : "2023-03-11T10:45:30.000",
      "level" : "wake",
      "seconds" : 60
    },{
      "dateTime" : "2023-03-11T10:50:00.000",
      "level" : "wake",
      "seconds" : 90
    }]
  },
  "mainSleep" : true
},{
  "logId" : 40515244788,
  "dateOfSleep" : "2023-03-10",
  "startTime" : "2023-03-10T01:01:00.000",
  "endTime" : "2023-03-10T07:38:00.000",
  "duration" : 23820000,
  "minutesToFallAsleep" : 0,
  "minutesAsleep" : 332,
  "minutesAwake" : 65,
  "minutesAfterWakeup" : 0,
  "timeInBed" : 397,
  "efficiency" : 86,
  "type" : "stages",
  "infoCode" : 0,
  "logType" : "auto_detected",
  "levels" : {
    "summary" : {
      "deep" : {
        "count" : 2,
        "minutes" : 42,
        "thirtyDayAvgMinutes" : 65
      },
      "wake" : {
        "count" : 16,
        "minutes" : 65,
        "thirtyDayAvgMinutes" : 68
      },
      "light" : {
        "count" : 15,
        "minutes" : 232,
        "thirtyDayAvgMinutes" : 286
      },
      "rem" : {
        "count" : 7,
        "minutes" : 58,
        "thirtyDayAvgMinutes" : 113
      }
    },
    "data" : [{
      "dateTime" : "2023-03-10T01:01:00.000",
      "level" : "wake",
      "seconds" : 330
    },{
      "dateTime" : "2023-03-10T01:06:30.000",
      "level" : "light",
      "seconds" : 660
    },{
      "dateTime" : "2023-03-10T01:17:30.000",
      "level" : "deep",
      "seconds" : 2280
    },{
      "dateTime" : "2023-03-10T01:55:30.000",
      "level" : "wake",
      "seconds" : 210
    },{
      "dateTime" : "2023-03-10T01:59:00.000",
      "level" : "light",
      "seconds" : 1410
    },{
      "dateTime" : "2023-03-10T02:22:30.000",
      "level" : "deep",
      "seconds" : 270
    },{
      "dateTime" : "2023-03-10T02:27:00.000",
      "level" : "light",
      "seconds" : 2280
    },{
      "dateTime" : "2023-03-10T03:05:00.000",
      "level" : "wake",
      "seconds" : 780
    },{
      "dateTime" : "2023-03-10T03:18:00.000",
      "level" : "light",
      "seconds" : 150
    },{
      "dateTime" : "2023-03-10T03:20:30.000",
      "level" : "rem",
      "seconds" : 300
    },{
      "dateTime" : "2023-03-10T03:25:30.000",
      "level" : "wake",
      "seconds" : 450
    },{
      "dateTime" : "2023-03-10T03:33:00.000",
      "level" : "light",
      "seconds" : 2400
    },{
      "dateTime" : "2023-03-10T04:13:00.000",
      "level" : "rem",
      "seconds" : 1290
    },{
      "dateTime" : "2023-03-10T04:34:30.000",
      "level" : "light",
      "seconds" : 2520
    },{
      "dateTime" : "2023-03-10T05:16:30.000",
      "level" : "rem",
      "seconds" : 480
    },{
      "dateTime" : "2023-03-10T05:24:30.000",
      "level" : "wake",
      "seconds" : 870
    },{
      "dateTime" : "2023-03-10T05:39:00.000",
      "level" : "light",
      "seconds" : 2490
    },{
      "dateTime" : "2023-03-10T06:20:30.000",
      "level" : "rem",
      "seconds" : 1170
    },{
      "dateTime" : "2023-03-10T06:40:00.000",
      "level" : "light",
      "seconds" : 570
    },{
      "dateTime" : "2023-03-10T06:49:30.000",
      "level" : "rem",
      "seconds" : 270
    },{
      "dateTime" : "2023-03-10T06:54:00.000",
      "level" : "light",
      "seconds" : 2010
    },{
      "dateTime" : "2023-03-10T07:27:30.000",
      "level" : "wake",
      "seconds" : 630
    }],
    "shortData" : [{
      "dateTime" : "2023-03-10T02:08:30.000",
      "level" : "wake",
      "seconds" : 60
    },{
      "dateTime" : "2023-03-10T02:11:00.000",
      "level" : "wake",
      "seconds" : 60
    },{
      "dateTime" : "2023-03-10T02:27:00.000",
      "level" : "wake",
      "seconds" : 120
    },{
      "dateTime" : "2023-03-10T02:47:30.000",
      "level" : "wake",
      "seconds" : 180
    },{
      "dateTime" : "2023-03-10T04:01:00.000",
      "level" : "wake",
      "seconds" : 30
    },{
      "dateTime" : "2023-03-10T04:16:30.000",
      "level" : "wake",
      "seconds" : 30
    },{
      "dateTime" : "2023-03-10T04:34:30.000",
      "level" : "wake",
      "seconds" : 30
    },{
      "dateTime" : "2023-03-10T06:31:00.000",
      "level" : "wake",
      "seconds" : 30
    },{
      "dateTime" : "2023-03-10T06:40:30.000",
      "level" : "wake",
      "seconds" : 60
    },{
      "dateTime" : "2023-03-10T06:54:30.000",
      "level" : "wake",
      "seconds" : 60
    }]
  },
  "mainSleep" : true
},{
  "logId" : 40505557454,
  "dateOfSleep" : "2023-03-09",
  "startTime" : "2023-03-08T23:52:00.000",
  "endTime" : "2023-03-09T08:50:30.000",
  "duration" : 32280000,
  "minutesToFallAsleep" : 0,
  "minutesAsleep" : 465,
  "minutesAwake" : 73,
  "minutesAfterWakeup" : 0,
  "timeInBed" : 538,
  "efficiency" : 96,
  "type" : "stages",
  "infoCode" : 0,
  "logType" : "auto_detected",
  "levels" : {
    "summary" : {
      "deep" : {
        "count" : 7,
        "minutes" : 91,
        "thirtyDayAvgMinutes" : 59
      },
      "wake" : {
        "count" : 29,
        "minutes" : 73,
        "thirtyDayAvgMinutes" : 67
      },
      "light" : {
        "count" : 29,
        "minutes" : 262,
        "thirtyDayAvgMinutes" : 293
      },
      "rem" : {
        "count" : 11,
        "minutes" : 112,
        "thirtyDayAvgMinutes" : 113
      }
    },
    "data" : [{
      "dateTime" : "2023-03-08T23:52:00.000",
      "level" : "wake",
      "seconds" : 330
    },{
      "dateTime" : "2023-03-08T23:57:30.000",
      "level" : "light",
      "seconds" : 990
    },{
      "dateTime" : "2023-03-09T00:14:00.000",
      "level" : "deep",
      "seconds" : 1020
    },{
      "dateTime" : "2023-03-09T00:31:00.000",
      "level" : "wake",
      "seconds" : 420
    },{
      "dateTime" : "2023-03-09T00:38:00.000",
      "level" : "light",
      "seconds" : 900
    },{
      "dateTime" : "2023-03-09T00:53:00.000",
      "level" : "deep",
      "seconds" : 690
    },{
      "dateTime" : "2023-03-09T01:04:30.000",
      "level" : "light",
      "seconds" : 300
    },{
      "dateTime" : "2023-03-09T01:09:30.000",
      "level" : "rem",
      "seconds" : 900
    },{
      "dateTime" : "2023-03-09T01:24:30.000",
      "level" : "light",
      "seconds" : 2550
    },{
      "dateTime" : "2023-03-09T02:07:00.000",
      "level" : "deep",
      "seconds" : 360
    },{
      "dateTime" : "2023-03-09T02:13:00.000",
      "level" : "light",
      "seconds" : 810
    },{
      "dateTime" : "2023-03-09T02:26:30.000",
      "level" : "wake",
      "seconds" : 300
    },{
      "dateTime" : "2023-03-09T02:31:30.000",
      "level" : "light",
      "seconds" : 180
    },{
      "dateTime" : "2023-03-09T02:34:30.000",
      "level" : "rem",
      "seconds" : 1140
    },{
      "dateTime" : "2023-03-09T02:53:30.000",
      "level" : "light",
      "seconds" : 360
    },{
      "dateTime" : "2023-03-09T02:59:30.000",
      "level" : "deep",
      "seconds" : 330
    },{
      "dateTime" : "2023-03-09T03:05:00.000",
      "level" : "light",
      "seconds" : 450
    },{
      "dateTime" : "2023-03-09T03:12:30.000",
      "level" : "deep",
      "seconds" : 1740
    },{
      "dateTime" : "2023-03-09T03:41:30.000",
      "level" : "light",
      "seconds" : 5220
    },{
      "dateTime" : "2023-03-09T05:08:30.000",
      "level" : "rem",
      "seconds" : 1170
    },{
      "dateTime" : "2023-03-09T05:28:00.000",
      "level" : "wake",
      "seconds" : 420
    },{
      "dateTime" : "2023-03-09T05:35:00.000",
      "level" : "light",
      "seconds" : 1350
    },{
      "dateTime" : "2023-03-09T05:57:30.000",
      "level" : "deep",
      "seconds" : 420
    },{
      "dateTime" : "2023-03-09T06:04:30.000",
      "level" : "light",
      "seconds" : 450
    },{
      "dateTime" : "2023-03-09T06:12:00.000",
      "level" : "deep",
      "seconds" : 990
    },{
      "dateTime" : "2023-03-09T06:28:30.000",
      "level" : "light",
      "seconds" : 30
    },{
      "dateTime" : "2023-03-09T06:29:00.000",
      "level" : "rem",
      "seconds" : 420
    },{
      "dateTime" : "2023-03-09T06:36:00.000",
      "level" : "light",
      "seconds" : 420
    },{
      "dateTime" : "2023-03-09T06:43:00.000",
      "level" : "rem",
      "seconds" : 2370
    },{
      "dateTime" : "2023-03-09T07:22:30.000",
      "level" : "light",
      "seconds" : 420
    },{
      "dateTime" : "2023-03-09T07:29:30.000",
      "level" : "wake",
      "seconds" : 360
    },{
      "dateTime" : "2023-03-09T07:35:30.000",
      "level" : "light",
      "seconds" : 720
    },{
      "dateTime" : "2023-03-09T07:47:30.000",
      "level" : "rem",
      "seconds" : 720
    },{
      "dateTime" : "2023-03-09T07:59:30.000",
      "level" : "light",
      "seconds" : 570
    },{
      "dateTime" : "2023-03-09T08:09:00.000",
      "level" : "rem",
      "seconds" : 330
    },{
      "dateTime" : "2023-03-09T08:14:30.000",
      "level" : "wake",
      "seconds" : 480
    },{
      "dateTime" : "2023-03-09T08:22:30.000",
      "level" : "light",
      "seconds" : 900
    },{
      "dateTime" : "2023-03-09T08:37:30.000",
      "level" : "wake",
      "seconds" : 780
    }],
    "shortData" : [{
      "dateTime" : "2023-03-09T01:04:00.000",
      "level" : "wake",
      "seconds" : 30
    },{
      "dateTime" : "2023-03-09T01:27:30.000",
      "level" : "wake",
      "seconds" : 30
    },{
      "dateTime" : "2023-03-09T01:43:30.000",
      "level" : "wake",
      "seconds" : 30
    },{
      "dateTime" : "2023-03-09T02:16:00.000",
      "level" : "wake",
      "seconds" : 30
    },{
      "dateTime" : "2023-03-09T02:47:30.000",
      "level" : "wake",
      "seconds" : 30
    },{
      "dateTime" : "2023-03-09T03:41:00.000",
      "level" : "wake",
      "seconds" : 30
    },{
      "dateTime" : "2023-03-09T04:05:30.000",
      "level" : "wake",
      "seconds" : 30
    },{
      "dateTime" : "2023-03-09T04:23:00.000",
      "level" : "wake",
      "seconds" : 30
    },{
      "dateTime" : "2023-03-09T04:56:30.000",
      "level" : "wake",
      "seconds" : 90
    },{
      "dateTime" : "2023-03-09T05:05:00.000",
      "level" : "wake",
      "seconds" : 90
    },{
      "dateTime" : "2023-03-09T05:17:00.000",
      "level" : "wake",
      "seconds" : 30
    },{
      "dateTime" : "2023-03-09T05:38:30.000",
      "level" : "wake",
      "seconds" : 150
    },{
      "dateTime" : "2023-03-09T06:27:30.000",
      "level" : "wake",
      "seconds" : 60
    },{
      "dateTime" : "2023-03-09T06:39:00.000",
      "level" : "wake",
      "seconds" : 60
    },{
      "dateTime" : "2023-03-09T06:56:00.000",
      "level" : "wake",
      "seconds" : 30
    },{
      "dateTime" : "2023-03-09T07:03:00.000",
      "level" : "wake",
      "seconds" : 30
    },{
      "dateTime" : "2023-03-09T07:22:00.000",
      "level" : "wake",
      "seconds" : 30
    },{
      "dateTime" : "2023-03-09T07:57:00.000",
      "level" : "wake",
      "seconds" : 150
    },{
      "dateTime" : "2023-03-09T08:01:00.000",
      "level" : "wake",
      "seconds" : 60
    },{
      "dateTime" : "2023-03-09T08:08:00.000",
      "level" : "wake",
      "seconds" : 60
    },{
      "dateTime" : "2023-03-09T08:29:00.000",
      "level" : "wake",
      "seconds" : 120
    },{
      "dateTime" : "2023-03-09T08:34:00.000",
      "level" : "wake",
      "seconds" : 120
    }]
  },
  "mainSleep" : true
},{
  "logId" : 40492589575,
  "dateOfSleep" : "2023-03-08",
  "startTime" : "2023-03-07T23:36:30.000",
  "endTime" : "2023-03-08T07:43:30.000",
  "duration" : 29220000,
  "minutesToFallAsleep" : 0,
  "minutesAsleep" : 435,
  "minutesAwake" : 52,
  "minutesAfterWakeup" : 1,
  "timeInBed" : 487,
  "efficiency" : 94,
  "type" : "stages",
  "infoCode" : 0,
  "logType" : "auto_detected",
  "levels" : {
    "summary" : {
      "deep" : {
        "count" : 2,
        "minutes" : 60,
        "thirtyDayAvgMinutes" : 59
      },
      "wake" : {
        "count" : 23,
        "minutes" : 52,
        "thirtyDayAvgMinutes" : 72
      },
      "light" : {
        "count" : 24,
        "minutes" : 266,
        "thirtyDayAvgMinutes" : 301
      },
      "rem" : {
        "count" : 11,
        "minutes" : 109,
        "thirtyDayAvgMinutes" : 114
      }
    },
    "data" : [{
      "dateTime" : "2023-03-07T23:36:30.000",
      "level" : "wake",
      "seconds" : 30
    },{
      "dateTime" : "2023-03-07T23:37:00.000",
      "level" : "light",
      "seconds" : 1350
    },{
      "dateTime" : "2023-03-07T23:59:30.000",
      "level" : "deep",
      "seconds" : 1680
    },{
      "dateTime" : "2023-03-08T00:27:30.000",
      "level" : "light",
      "seconds" : 960
    },{
      "dateTime" : "2023-03-08T00:43:30.000",
      "level" : "rem",
      "seconds" : 990
    },{
      "dateTime" : "2023-03-08T01:00:00.000",
      "level" : "light",
      "seconds" : 870
    },{
      "dateTime" : "2023-03-08T01:14:30.000",
      "level" : "wake",
      "seconds" : 330
    },{
      "dateTime" : "2023-03-08T01:20:00.000",
      "level" : "light",
      "seconds" : 3000
    },{
      "dateTime" : "2023-03-08T02:10:00.000",
      "level" : "wake",
      "seconds" : 420
    },{
      "dateTime" : "2023-03-08T02:17:00.000",
      "level" : "rem",
      "seconds" : 1710
    },{
      "dateTime" : "2023-03-08T02:45:30.000",
      "level" : "light",
      "seconds" : 450
    },{
      "dateTime" : "2023-03-08T02:53:00.000",
      "level" : "wake",
      "seconds" : 210
    },{
      "dateTime" : "2023-03-08T02:56:30.000",
      "level" : "light",
      "seconds" : 3930
    },{
      "dateTime" : "2023-03-08T04:02:00.000",
      "level" : "rem",
      "seconds" : 1140
    },{
      "dateTime" : "2023-03-08T04:21:00.000",
      "level" : "light",
      "seconds" : 2520
    },{
      "dateTime" : "2023-03-08T05:03:00.000",
      "level" : "deep",
      "seconds" : 1920
    },{
      "dateTime" : "2023-03-08T05:35:00.000",
      "level" : "light",
      "seconds" : 180
    },{
      "dateTime" : "2023-03-08T05:38:00.000",
      "level" : "rem",
      "seconds" : 1620
    },{
      "dateTime" : "2023-03-08T06:05:00.000",
      "level" : "light",
      "seconds" : 510
    },{
      "dateTime" : "2023-03-08T06:13:30.000",
      "level" : "rem",
      "seconds" : 330
    },{
      "dateTime" : "2023-03-08T06:19:00.000",
      "level" : "light",
      "seconds" : 2190
    },{
      "dateTime" : "2023-03-08T06:55:30.000",
      "level" : "rem",
      "seconds" : 930
    },{
      "dateTime" : "2023-03-08T07:11:00.000",
      "level" : "light",
      "seconds" : 1080
    },{
      "dateTime" : "2023-03-08T07:29:00.000",
      "level" : "wake",
      "seconds" : 870
    }],
    "shortData" : [{
      "dateTime" : "2023-03-08T00:38:30.000",
      "level" : "wake",
      "seconds" : 60
    },{
      "dateTime" : "2023-03-08T00:42:00.000",
      "level" : "wake",
      "seconds" : 60
    },{
      "dateTime" : "2023-03-08T00:52:30.000",
      "level" : "wake",
      "seconds" : 30
    },{
      "dateTime" : "2023-03-08T01:06:00.000",
      "level" : "wake",
      "seconds" : 60
    },{
      "dateTime" : "2023-03-08T01:40:00.000",
      "level" : "wake",
      "seconds" : 60
    },{
      "dateTime" : "2023-03-08T02:39:30.000",
      "level" : "wake",
      "seconds" : 60
    },{
      "dateTime" : "2023-03-08T03:19:00.000",
      "level" : "wake",
      "seconds" : 60
    },{
      "dateTime" : "2023-03-08T03:29:00.000",
      "level" : "wake",
      "seconds" : 60
    },{
      "dateTime" : "2023-03-08T04:15:00.000",
      "level" : "wake",
      "seconds" : 30
    },{
      "dateTime" : "2023-03-08T04:23:00.000",
      "level" : "wake",
      "seconds" : 60
    },{
      "dateTime" : "2023-03-08T04:25:30.000",
      "level" : "wake",
      "seconds" : 150
    },{
      "dateTime" : "2023-03-08T04:30:00.000",
      "level" : "wake",
      "seconds" : 60
    },{
      "dateTime" : "2023-03-08T04:48:30.000",
      "level" : "wake",
      "seconds" : 30
    },{
      "dateTime" : "2023-03-08T05:35:30.000",
      "level" : "wake",
      "seconds" : 30
    },{
      "dateTime" : "2023-03-08T05:55:00.000",
      "level" : "wake",
      "seconds" : 30
    },{
      "dateTime" : "2023-03-08T06:37:00.000",
      "level" : "wake",
      "seconds" : 60
    },{
      "dateTime" : "2023-03-08T07:10:00.000",
      "level" : "wake",
      "seconds" : 30
    },{
      "dateTime" : "2023-03-08T07:19:30.000",
      "level" : "wake",
      "seconds" : 150
    }]
  },
  "mainSleep" : true
},{
  "logId" : 40479662302,
  "dateOfSleep" : "2023-03-07",
  "startTime" : "2023-03-07T00:13:30.000",
  "endTime" : "2023-03-07T07:36:30.000",
  "duration" : 26580000,
  "minutesToFallAsleep" : 0,
  "minutesAsleep" : 397,
  "minutesAwake" : 46,
  "minutesAfterWakeup" : 0,
  "timeInBed" : 443,
  "efficiency" : 93,
  "type" : "stages",
  "infoCode" : 0,
  "logType" : "auto_detected",
  "levels" : {
    "summary" : {
      "deep" : {
        "count" : 1,
        "minutes" : 51,
        "thirtyDayAvgMinutes" : 63
      },
      "wake" : {
        "count" : 28,
        "minutes" : 46,
        "thirtyDayAvgMinutes" : 85
      },
      "light" : {
        "count" : 24,
        "minutes" : 225,
        "thirtyDayAvgMinutes" : 340
      },
      "rem" : {
        "count" : 10,
        "minutes" : 121,
        "thirtyDayAvgMinutes" : 111
      }
    },
    "data" : [{
      "dateTime" : "2023-03-07T00:13:30.000",
      "level" : "wake",
      "seconds" : 810
    },{
      "dateTime" : "2023-03-07T00:27:00.000",
      "level" : "light",
      "seconds" : 4110
    },{
      "dateTime" : "2023-03-07T01:35:30.000",
      "level" : "rem",
      "seconds" : 810
    },{
      "dateTime" : "2023-03-07T01:49:00.000",
      "level" : "light",
      "seconds" : 1710
    },{
      "dateTime" : "2023-03-07T02:17:30.000",
      "level" : "deep",
      "seconds" : 3120
    },{
      "dateTime" : "2023-03-07T03:09:30.000",
      "level" : "light",
      "seconds" : 270
    },{
      "dateTime" : "2023-03-07T03:14:00.000",
      "level" : "rem",
      "seconds" : 600
    },{
      "dateTime" : "2023-03-07T03:24:00.000",
      "level" : "wake",
      "seconds" : 540
    },{
      "dateTime" : "2023-03-07T03:33:00.000",
      "level" : "light",
      "seconds" : 3030
    },{
      "dateTime" : "2023-03-07T04:23:30.000",
      "level" : "rem",
      "seconds" : 1830
    },{
      "dateTime" : "2023-03-07T04:54:00.000",
      "level" : "light",
      "seconds" : 180
    },{
      "dateTime" : "2023-03-07T04:57:00.000",
      "level" : "rem",
      "seconds" : 1470
    },{
      "dateTime" : "2023-03-07T05:21:30.000",
      "level" : "light",
      "seconds" : 3510
    },{
      "dateTime" : "2023-03-07T06:20:00.000",
      "level" : "rem",
      "seconds" : 480
    },{
      "dateTime" : "2023-03-07T06:28:00.000",
      "level" : "light",
      "seconds" : 150
    },{
      "dateTime" : "2023-03-07T06:30:30.000",
      "level" : "rem",
      "seconds" : 1980
    },{
      "dateTime" : "2023-03-07T07:03:30.000",
      "level" : "light",
      "seconds" : 390
    },{
      "dateTime" : "2023-03-07T07:10:00.000",
      "level" : "rem",
      "seconds" : 510
    },{
      "dateTime" : "2023-03-07T07:18:30.000",
      "level" : "light",
      "seconds" : 1080
    }],
    "shortData" : [{
      "dateTime" : "2023-03-07T01:03:00.000",
      "level" : "wake",
      "seconds" : 60
    },{
      "dateTime" : "2023-03-07T01:33:00.000",
      "level" : "wake",
      "seconds" : 60
    },{
      "dateTime" : "2023-03-07T01:48:30.000",
      "level" : "wake",
      "seconds" : 30
    },{
      "dateTime" : "2023-03-07T01:57:00.000",
      "level" : "wake",
      "seconds" : 30
    },{
      "dateTime" : "2023-03-07T02:03:00.000",
      "level" : "wake",
      "seconds" : 30
    },{
      "dateTime" : "2023-03-07T03:08:30.000",
      "level" : "wake",
      "seconds" : 60
    },{
      "dateTime" : "2023-03-07T03:13:00.000",
      "level" : "wake",
      "seconds" : 30
    },{
      "dateTime" : "2023-03-07T03:39:30.000",
      "level" : "wake",
      "seconds" : 90
    },{
      "dateTime" : "2023-03-07T03:55:30.000",
      "level" : "wake",
      "seconds" : 60
    },{
      "dateTime" : "2023-03-07T04:08:00.000",
      "level" : "wake",
      "seconds" : 60
    },{
      "dateTime" : "2023-03-07T04:12:00.000",
      "level" : "wake",
      "seconds" : 30
    },{
      "dateTime" : "2023-03-07T04:14:30.000",
      "level" : "wake",
      "seconds" : 30
    },{
      "dateTime" : "2023-03-07T04:21:00.000",
      "level" : "wake",
      "seconds" : 150
    },{
      "dateTime" : "2023-03-07T04:26:00.000",
      "level" : "wake",
      "seconds" : 60
    },{
      "dateTime" : "2023-03-07T04:52:00.000",
      "level" : "wake",
      "seconds" : 120
    },{
      "dateTime" : "2023-03-07T04:57:00.000",
      "level" : "wake",
      "seconds" : 60
    },{
      "dateTime" : "2023-03-07T05:20:30.000",
      "level" : "wake",
      "seconds" : 60
    },{
      "dateTime" : "2023-03-07T05:45:00.000",
      "level" : "wake",
      "seconds" : 30
    },{
      "dateTime" : "2023-03-07T06:10:30.000",
      "level" : "wake",
      "seconds" : 30
    },{
      "dateTime" : "2023-03-07T06:27:30.000",
      "level" : "wake",
      "seconds" : 30
    },{
      "dateTime" : "2023-03-07T06:34:30.000",
      "level" : "wake",
      "seconds" : 30
    },{
      "dateTime" : "2023-03-07T06:51:00.000",
      "level" : "wake",
      "seconds" : 30
    },{
      "dateTime" : "2023-03-07T07:04:00.000",
      "level" : "wake",
      "seconds" : 30
    },{
      "dateTime" : "2023-03-07T07:19:30.000",
      "level" : "wake",
      "seconds" : 60
    },{
      "dateTime" : "2023-03-07T07:30:00.000",
      "level" : "wake",
      "seconds" : 60
    },{
      "dateTime" : "2023-03-07T07:35:00.000",
      "level" : "wake",
      "seconds" : 90
    }]
  },
  "mainSleep" : true
},{
  "logId" : 40460461936,
  "dateOfSleep" : "2023-03-06",
  "startTime" : "2023-03-05T23:29:30.000",
  "endTime" : "2023-03-06T07:42:00.000",
  "duration" : 29520000,
  "minutesToFallAsleep" : 0,
  "minutesAsleep" : 417,
  "minutesAwake" : 75,
  "minutesAfterWakeup" : 4,
  "timeInBed" : 492,
  "efficiency" : 92,
  "type" : "stages",
  "infoCode" : 0,
  "logType" : "auto_detected",
  "levels" : {
    "summary" : {
      "deep" : {
        "count" : 2,
        "minutes" : 47,
        "thirtyDayAvgMinutes" : 78
      },
      "wake" : {
        "count" : 31,
        "minutes" : 75,
        "thirtyDayAvgMinutes" : 95
      },
      "light" : {
        "count" : 24,
        "minutes" : 288,
        "thirtyDayAvgMinutes" : 391
      },
      "rem" : {
        "count" : 12,
        "minutes" : 82,
        "thirtyDayAvgMinutes" : 139
      }
    },
    "data" : [{
      "dateTime" : "2023-03-05T23:29:30.000",
      "level" : "wake",
      "seconds" : 900
    },{
      "dateTime" : "2023-03-05T23:44:30.000",
      "level" : "light",
      "seconds" : 2730
    },{
      "dateTime" : "2023-03-06T00:30:00.000",
      "level" : "deep",
      "seconds" : 990
    },{
      "dateTime" : "2023-03-06T00:46:30.000",
      "level" : "light",
      "seconds" : 4650
    },{
      "dateTime" : "2023-03-06T02:04:00.000",
      "level" : "rem",
      "seconds" : 1230
    },{
      "dateTime" : "2023-03-06T02:24:30.000",
      "level" : "light",
      "seconds" : 4620
    },{
      "dateTime" : "2023-03-06T03:41:30.000",
      "level" : "wake",
      "seconds" : 750
    },{
      "dateTime" : "2023-03-06T03:54:00.000",
      "level" : "light",
      "seconds" : 120
    },{
      "dateTime" : "2023-03-06T03:56:00.000",
      "level" : "rem",
      "seconds" : 330
    },{
      "dateTime" : "2023-03-06T04:01:30.000",
      "level" : "wake",
      "seconds" : 300
    },{
      "dateTime" : "2023-03-06T04:06:30.000",
      "level" : "light",
      "seconds" : 2400
    },{
      "dateTime" : "2023-03-06T04:46:30.000",
      "level" : "deep",
      "seconds" : 1890
    },{
      "dateTime" : "2023-03-06T05:18:00.000",
      "level" : "light",
      "seconds" : 450
    },{
      "dateTime" : "2023-03-06T05:25:30.000",
      "level" : "rem",
      "seconds" : 1110
    },{
      "dateTime" : "2023-03-06T05:44:00.000",
      "level" : "light",
      "seconds" : 480
    },{
      "dateTime" : "2023-03-06T05:52:00.000",
      "level" : "rem",
      "seconds" : 1620
    },{
      "dateTime" : "2023-03-06T06:19:00.000",
      "level" : "light",
      "seconds" : 2310
    },{
      "dateTime" : "2023-03-06T06:57:30.000",
      "level" : "rem",
      "seconds" : 1050
    },{
      "dateTime" : "2023-03-06T07:15:00.000",
      "level" : "wake",
      "seconds" : 600
    },{
      "dateTime" : "2023-03-06T07:25:00.000",
      "level" : "light",
      "seconds" : 240
    },{
      "dateTime" : "2023-03-06T07:29:00.000",
      "level" : "wake",
      "seconds" : 420
    },{
      "dateTime" : "2023-03-06T07:36:00.000",
      "level" : "light",
      "seconds" : 120
    },{
      "dateTime" : "2023-03-06T07:38:00.000",
      "level" : "wake",
      "seconds" : 240
    }],
    "shortData" : [{
      "dateTime" : "2023-03-05T23:54:00.000",
      "level" : "wake",
      "seconds" : 150
    },{
      "dateTime" : "2023-03-05T23:59:00.000",
      "level" : "wake",
      "seconds" : 30
    },{
      "dateTime" : "2023-03-06T00:03:30.000",
      "level" : "wake",
      "seconds" : 30
    },{
      "dateTime" : "2023-03-06T00:08:00.000",
      "level" : "wake",
      "seconds" : 120
    },{
      "dateTime" : "2023-03-06T00:46:00.000",
      "level" : "wake",
      "seconds" : 30
    },{
      "dateTime" : "2023-03-06T00:48:00.000",
      "level" : "wake",
      "seconds" : 60
    },{
      "dateTime" : "2023-03-06T00:55:00.000",
      "level" : "wake",
      "seconds" : 30
    },{
      "dateTime" : "2023-03-06T01:00:00.000",
      "level" : "wake",
      "seconds" : 30
    },{
      "dateTime" : "2023-03-06T01:04:30.000",
      "level" : "wake",
      "seconds" : 30
    },{
      "dateTime" : "2023-03-06T02:03:00.000",
      "level" : "wake",
      "seconds" : 60
    },{
      "dateTime" : "2023-03-06T02:06:00.000",
      "level" : "wake",
      "seconds" : 60
    },{
      "dateTime" : "2023-03-06T02:22:30.000",
      "level" : "wake",
      "seconds" : 120
    },{
      "dateTime" : "2023-03-06T02:27:00.000",
      "level" : "wake",
      "seconds" : 60
    },{
      "dateTime" : "2023-03-06T02:51:00.000",
      "level" : "wake",
      "seconds" : 30
    },{
      "dateTime" : "2023-03-06T03:10:30.000",
      "level" : "wake",
      "seconds" : 30
    },{
      "dateTime" : "2023-03-06T04:28:00.000",
      "level" : "wake",
      "seconds" : 90
    },{
      "dateTime" : "2023-03-06T05:17:30.000",
      "level" : "wake",
      "seconds" : 30
    },{
      "dateTime" : "2023-03-06T05:40:00.000",
      "level" : "wake",
      "seconds" : 30
    },{
      "dateTime" : "2023-03-06T05:50:00.000",
      "level" : "wake",
      "seconds" : 60
    },{
      "dateTime" : "2023-03-06T05:57:00.000",
      "level" : "wake",
      "seconds" : 30
    },{
      "dateTime" : "2023-03-06T06:03:00.000",
      "level" : "wake",
      "seconds" : 60
    },{
      "dateTime" : "2023-03-06T06:07:30.000",
      "level" : "wake",
      "seconds" : 30
    },{
      "dateTime" : "2023-03-06T06:10:00.000",
      "level" : "wake",
      "seconds" : 30
    },{
      "dateTime" : "2023-03-06T06:32:00.000",
      "level" : "wake",
      "seconds" : 30
    },{
      "dateTime" : "2023-03-06T07:04:00.000",
      "level" : "wake",
      "seconds" : 30
    }]
  },
  "mainSleep" : true
},{
  "logId" : 40448127399,
  "dateOfSleep" : "2023-03-05",
  "startTime" : "2023-03-05T11:29:00.000",
  "endTime" : "2023-03-05T12:36:30.000",
  "duration" : 4020000,
  "minutesToFallAsleep" : 0,
  "minutesAsleep" : 59,
  "minutesAwake" : 8,
  "minutesAfterWakeup" : 0,
  "timeInBed" : 67,
  "efficiency" : 88,
  "type" : "classic",
  "infoCode" : 2,
  "logType" : "auto_detected",
  "levels" : {
    "summary" : {
      "restless" : {
        "count" : 2,
        "minutes" : 8
      },
      "awake" : {
        "count" : 0,
        "minutes" : 0
      },
      "asleep" : {
        "count" : 0,
        "minutes" : 59
      }
    },
    "data" : [{
      "dateTime" : "2023-03-05T11:29:00.000",
      "level" : "asleep",
      "seconds" : 120
    },{
      "dateTime" : "2023-03-05T11:31:00.000",
      "level" : "restless",
      "seconds" : 240
    },{
      "dateTime" : "2023-03-05T11:35:00.000",
      "level" : "asleep",
      "seconds" : 3060
    },{
      "dateTime" : "2023-03-05T12:26:00.000",
      "level" : "restless",
      "seconds" : 240
    },{
      "dateTime" : "2023-03-05T12:30:00.000",
      "level" : "asleep",
      "seconds" : 360
    }]
  },
  "mainSleep" : false
},{
  "logId" : 40447874602,
  "dateOfSleep" : "2023-03-05",
  "startTime" : "2023-03-04T22:37:00.000",
  "endTime" : "2023-03-05T10:20:00.000",
  "duration" : 42180000,
  "minutesToFallAsleep" : 0,
  "minutesAsleep" : 608,
  "minutesAwake" : 95,
  "minutesAfterWakeup" : 0,
  "timeInBed" : 703,
  "efficiency" : 93,
  "type" : "stages",
  "infoCode" : 0,
  "logType" : "auto_detected",
  "levels" : {
    "summary" : {
      "deep" : {
        "count" : 5,
        "minutes" : 78,
        "thirtyDayAvgMinutes" : 0
      },
      "wake" : {
        "count" : 40,
        "minutes" : 95,
        "thirtyDayAvgMinutes" : 0
      },
      "light" : {
        "count" : 40,
        "minutes" : 391,
        "thirtyDayAvgMinutes" : 0
      },
      "rem" : {
        "count" : 12,
        "minutes" : 139,
        "thirtyDayAvgMinutes" : 0
      }
    },
    "data" : [{
      "dateTime" : "2023-03-04T22:37:00.000",
      "level" : "wake",
      "seconds" : 840
    },{
      "dateTime" : "2023-03-04T22:51:00.000",
      "level" : "light",
      "seconds" : 450
    },{
      "dateTime" : "2023-03-04T22:58:30.000",
      "level" : "wake",
      "seconds" : 330
    },{
      "dateTime" : "2023-03-04T23:04:00.000",
      "level" : "light",
      "seconds" : 2100
    },{
      "dateTime" : "2023-03-04T23:39:00.000",
      "level" : "wake",
      "seconds" : 780
    },{
      "dateTime" : "2023-03-04T23:52:00.000",
      "level" : "light",
      "seconds" : 750
    },{
      "dateTime" : "2023-03-05T00:04:30.000",
      "level" : "rem",
      "seconds" : 270
    },{
      "dateTime" : "2023-03-05T00:09:00.000",
      "level" : "light",
      "seconds" : 1140
    },{
      "dateTime" : "2023-03-05T00:28:00.000",
      "level" : "deep",
      "seconds" : 1350
    },{
      "dateTime" : "2023-03-05T00:50:30.000",
      "level" : "light",
      "seconds" : 480
    },{
      "dateTime" : "2023-03-05T00:58:30.000",
      "level" : "deep",
      "seconds" : 300
    },{
      "dateTime" : "2023-03-05T01:03:30.000",
      "level" : "light",
      "seconds" : 1890
    },{
      "dateTime" : "2023-03-05T01:35:00.000",
      "level" : "rem",
      "seconds" : 510
    },{
      "dateTime" : "2023-03-05T01:43:30.000",
      "level" : "light",
      "seconds" : 1140
    },{
      "dateTime" : "2023-03-05T02:02:30.000",
      "level" : "deep",
      "seconds" : 300
    },{
      "dateTime" : "2023-03-05T02:07:30.000",
      "level" : "light",
      "seconds" : 4620
    },{
      "dateTime" : "2023-03-05T03:24:30.000",
      "level" : "rem",
      "seconds" : 420
    },{
      "dateTime" : "2023-03-05T03:31:30.000",
      "level" : "wake",
      "seconds" : 750
    },{
      "dateTime" : "2023-03-05T03:44:00.000",
      "level" : "light",
      "seconds" : 210
    },{
      "dateTime" : "2023-03-05T03:47:30.000",
      "level" : "rem",
      "seconds" : 1800
    },{
      "dateTime" : "2023-03-05T04:17:30.000",
      "level" : "light",
      "seconds" : 1290
    },{
      "dateTime" : "2023-03-05T04:39:00.000",
      "level" : "deep",
      "seconds" : 1740
    },{
      "dateTime" : "2023-03-05T05:08:00.000",
      "level" : "light",
      "seconds" : 1620
    },{
      "dateTime" : "2023-03-05T05:35:00.000",
      "level" : "wake",
      "seconds" : 210
    },{
      "dateTime" : "2023-03-05T05:38:30.000",
      "level" : "light",
      "seconds" : 1410
    },{
      "dateTime" : "2023-03-05T06:02:00.000",
      "level" : "rem",
      "seconds" : 1650
    },{
      "dateTime" : "2023-03-05T06:29:30.000",
      "level" : "light",
      "seconds" : 2160
    },{
      "dateTime" : "2023-03-05T07:05:30.000",
      "level" : "rem",
      "seconds" : 1500
    },{
      "dateTime" : "2023-03-05T07:30:30.000",
      "level" : "wake",
      "seconds" : 390
    },{
      "dateTime" : "2023-03-05T07:37:00.000",
      "level" : "light",
      "seconds" : 2640
    },{
      "dateTime" : "2023-03-05T08:21:00.000",
      "level" : "rem",
      "seconds" : 1440
    },{
      "dateTime" : "2023-03-05T08:45:00.000",
      "level" : "light",
      "seconds" : 1230
    },{
      "dateTime" : "2023-03-05T09:05:30.000",
      "level" : "deep",
      "seconds" : 1050
    },{
      "dateTime" : "2023-03-05T09:23:00.000",
      "level" : "light",
      "seconds" : 780
    },{
      "dateTime" : "2023-03-05T09:36:00.000",
      "level" : "rem",
      "seconds" : 420
    },{
      "dateTime" : "2023-03-05T09:43:00.000",
      "level" : "light",
      "seconds" : 1200
    },{
      "dateTime" : "2023-03-05T10:03:00.000",
      "level" : "rem",
      "seconds" : 510
    },{
      "dateTime" : "2023-03-05T10:11:30.000",
      "level" : "wake",
      "seconds" : 510
    }],
    "shortData" : [{
      "dateTime" : "2023-03-04T23:12:30.000",
      "level" : "wake",
      "seconds" : 30
    },{
      "dateTime" : "2023-03-04T23:24:00.000",
      "level" : "wake",
      "seconds" : 180
    },{
      "dateTime" : "2023-03-04T23:34:00.000",
      "level" : "wake",
      "seconds" : 150
    },{
      "dateTime" : "2023-03-04T23:54:00.000",
      "level" : "wake",
      "seconds" : 90
    },{
      "dateTime" : "2023-03-05T00:04:00.000",
      "level" : "wake",
      "seconds" : 30
    },{
      "dateTime" : "2023-03-05T00:09:00.000",
      "level" : "wake",
      "seconds" : 120
    },{
      "dateTime" : "2023-03-05T00:19:30.000",
      "level" : "wake",
      "seconds" : 30
    },{
      "dateTime" : "2023-03-05T00:24:30.000",
      "level" : "wake",
      "seconds" : 30
    },{
      "dateTime" : "2023-03-05T00:50:00.000",
      "level" : "wake",
      "seconds" : 30
    },{
      "dateTime" : "2023-03-05T01:05:30.000",
      "level" : "wake",
      "seconds" : 30
    },{
      "dateTime" : "2023-03-05T01:20:30.000",
      "level" : "wake",
      "seconds" : 60
    },{
      "dateTime" : "2023-03-05T01:29:30.000",
      "level" : "wake",
      "seconds" : 60
    },{
      "dateTime" : "2023-03-05T01:33:00.000",
      "level" : "wake",
      "seconds" : 60
    },{
      "dateTime" : "2023-03-05T01:43:30.000",
      "level" : "wake",
      "seconds" : 150
    },{
      "dateTime" : "2023-03-05T02:07:30.000",
      "level" : "wake",
      "seconds" : 30
    },{
      "dateTime" : "2023-03-05T02:24:30.000",
      "level" : "wake",
      "seconds" : 30
    },{
      "dateTime" : "2023-03-05T02:47:00.000",
      "level" : "wake",
      "seconds" : 60
    },{
      "dateTime" : "2023-03-05T02:53:30.000",
      "level" : "wake",
      "seconds" : 30
    },{
      "dateTime" : "2023-03-05T03:18:00.000",
      "level" : "wake",
      "seconds" : 30
    },{
      "dateTime" : "2023-03-05T05:07:30.000",
      "level" : "wake",
      "seconds" : 30
    },{
      "dateTime" : "2023-03-05T06:00:30.000",
      "level" : "wake",
      "seconds" : 30
    },{
      "dateTime" : "2023-03-05T06:24:30.000",
      "level" : "wake",
      "seconds" : 30
    },{
      "dateTime" : "2023-03-05T06:32:00.000",
      "level" : "wake",
      "seconds" : 90
    },{
      "dateTime" : "2023-03-05T06:45:00.000",
      "level" : "wake",
      "seconds" : 30
    },{
      "dateTime" : "2023-03-05T07:17:30.000",
      "level" : "wake",
      "seconds" : 30
    },{
      "dateTime" : "2023-03-05T07:54:30.000",
      "level" : "wake",
      "seconds" : 30
    },{
      "dateTime" : "2023-03-05T08:13:00.000",
      "level" : "wake",
      "seconds" : 30
    },{
      "dateTime" : "2023-03-05T08:19:00.000",
      "level" : "wake",
      "seconds" : 30
    },{
      "dateTime" : "2023-03-05T08:30:00.000",
      "level" : "wake",
      "seconds" : 30
    },{
      "dateTime" : "2023-03-05T08:43:30.000",
      "level" : "wake",
      "seconds" : 90
    },{
      "dateTime" : "2023-03-05T09:23:30.000",
      "level" : "wake",
      "seconds" : 150
    },{
      "dateTime" : "2023-03-05T09:49:30.000",
      "level" : "wake",
      "seconds" : 30
    },{
      "dateTime" : "2023-03-05T09:59:30.000",
      "level" : "wake",
      "seconds" : 30
    }]
  },
  "mainSleep" : true
}]